Jugador,Partidos,Minutos jugados,Goles,Asistencias,Paradas,Goles encajados,Tiros,Tiros a puerta,Precision tiros (%),Centros,Centros precisos,Precision centros (%),Tiros al palo,Corners forzados,Faltas recibidas,Faltas cometidas,Pases interceptados,Balones robados,Balones robados al ultimo hombre,Goles salvados bajos palos,TA,TR,Penaltis cometidos,Penaltis forzados,Penaltis lanzados,Penaltis anotados,Penaltis parados,Goles en propia meta,Tiros bloqueados,Errores en gol en contra,Regates con exito,Pases claves,Precision de pases (%),Corners precisos (en corto),Faltas colgadas,Faltas colgadas precisas,Faltas directas,Faltas directas a puerta,Goles de falta,Despejes efectivos
Abde Ezzalzouli,20,1422,1,1,0,0,46,16,35%,36,3,8%,2,19,29,16,5,19,0,0,1,0,0,1,1,0,0,0,3,0,40,20,74%,0,1,0,1,1,0,4
Abde Rebbach,8,386,0,0,0,0,6,1,17%,17,3,18%,1,5,6,5,0,2,0,0,1,0,0,0,0,0,0,0,0,0,3,6,70%,5,0,0,0,0,0,6
Abdel Abqar,19,1578,0,1,0,0,5,1,20%,4,1,25%,0,1,15,34,28,15,1,0,9,0,1,1,0,0,0,0,12,0,1,5,75%,0,9,0,0,0,0,87
Abdon Prats,14,216,2,0,0,0,11,5,45%,0,0,0%,0,2,8,4,1,1,0,0,4,0,0,0,1,1,0,0,1,0,0,0,70%,0,0,0,0,0,0,4
Abdoulaye Keita,2,82,0,0,0,0,2,0,0%,0,0,0%,0,1,0,4,0,2,0,0,0,0,0,0,0,0,0,0,0,0,0,0,61%,0,0,0,0,0,0,2
Abdul Mumin,18,1533,2,1,0,0,7,2,29%,2,0,0%,0,2,9,17,20,15,0,0,6,1,0,0,0,0,0,0,22,0,3,1,81%,0,5,0,0,0,0,107
Abdulai Juma Bah,12,865,0,0,0,0,3,1,33%,0,0,0%,0,1,6,6,12,7,0,0,1,0,0,0,0,0,0,0,8,0,3,1,81%,0,0,0,0,0,0,59
Abel Bretones,19,1190,2,0,0,0,8,3,38%,51,7,14%,0,6,15,12,12,20,0,0,2,0,0,0,0,0,0,0,2,0,10,6,72%,0,3,0,0,0,0,30
Abel Ruiz,15,972,3,0,0,0,19,7,37%,2,0,0%,1,6,10,6,1,1,0,0,3,0,0,0,1,1,0,0,1,0,4,4,88%,0,0,0,0,0,0,5
Aboubacar Bassinga,1,4,0,0,0,0,0,0,0%,0,0,0%,0,0,0,1,0,0,0,0,0,0,0,0,0,0,0,0,0,0,0,0,50%,0,0,0,0,0,0,0
Adama Boiro,8,555,0,0,0,0,2,0,0%,11,1,9%,0,1,6,6,5,4,0,0,1,0,0,0,0,0,0,0,3,1,4,1,85%,0,0,0,0,0,0,17
Adnan Januzaj,7,305,1,1,0,0,8,2,25%,31,8,26%,1,7,8,1,0,2,0,0,2,0,0,0,0,0,0,0,0,0,4,7,80%,12,3,1,2,0,0,1
Adria Altimira,11,778,0,0,0,0,4,1,25%,9,0,0%,0,1,14,11,12,9,0,0,2,0,1,0,0,0,0,0,4,2,7,1,80%,0,1,0,0,0,0,24
Adria Pedrosa,15,1090,1,1,0,0,9,2,22%,46,9,20%,0,5,10,17,12,22,1,0,5,0,0,0,0,0,0,0,4,0,7,7,78%,2,7,1,0,0,0,34
Adrian Arnu,1,3,0,0,0,0,0,0,0%,0,0,0%,0,0,1,0,0,0,0,0,0,0,0,0,0,0,0,0,0,0,0,0,0%,0,0,0,0,0,0,0
Adrian Embarba,18,996,1,1,0,0,22,6,27%,76,15,20%,0,10,13,16,8,9,0,0,2,0,0,0,0,0,0,0,1,0,11,12,74%,24,13,4,1,0,0,7
Adrian Nino,1,12,0,0,0,0,2,0,0%,0,0,0%,0,0,0,0,0,0,0,0,0,0,0,0,0,0,0,0,0,0,0,0,0%,0,0,0,0,0,0,0
Adrian Pica,7,483,0,0,0,0,4,1,25%,2,0,0%,0,1,3,6,8,7,0,0,1,0,0,0,0,0,0,0,6,0,1,1,78%,0,3,0,0,0,0,20
Adrian San Miguel,1,90,0,0,2,3,0,0,0%,0,0,0%,0,0,0,0,0,0,0,0,2,0,0,0,0,0,0,0,0,0,0,0,71%,0,0,0,0,0,0,0
Aihen Munoz,11,488,0,0,0,0,3,0,0%,12,1,8%,0,3,5,6,9,4,0,0,3,0,0,0,0,0,0,0,2,0,3,1,79%,0,0,0,0,0,0,24
Aimar Oroz,20,1588,1,0,0,0,24,7,29%,16,1,6%,1,12,40,14,15,12,0,0,3,0,0,0,0,0,0,0,2,0,20,19,84%,2,0,0,2,1,0,2
Aitor Paredes,12,1032,2,0,0,0,4,2,50%,0,0,0%,1,0,3,15,14,7,0,0,4,1,1,0,0,0,0,0,7,1,0,1,84%,0,2,0,0,0,0,66
Aitor Ruibal,16,641,0,2,0,0,9,2,22%,16,5,31%,0,3,8,4,8,8,0,0,3,0,0,0,0,0,0,0,2,0,8,13,85%,2,1,0,0,0,0,12
Albert Sambi Lokonga,13,936,0,2,0,0,7,2,29%,0,0,0%,0,4,13,12,6,10,0,0,2,0,0,0,0,0,0,0,1,0,3,10,91%,0,0,0,0,0,0,18
Alberto Mari,1,7,0,0,0,0,0,0,0%,0,0,0%,0,0,0,1,0,0,0,0,0,0,0,0,0,0,0,0,0,0,0,0,50%,0,0,0,0,0,0,0
Alberto Moleiro,19,1430,4,0,0,0,39,17,44%,11,3,27%,1,8,20,18,8,8,0,0,3,0,0,0,0,0,0,0,0,0,37,25,84%,0,1,0,0,0,0,3
Alberto Risco,5,69,0,0,0,0,4,1,25%,4,3,75%,0,2,2,1,0,4,0,0,0,0,0,0,0,0,0,0,0,0,1,4,74%,0,0,0,0,0,0,0
Alejandro Balde,18,1379,0,2,0,0,8,1,13%,44,8,18%,0,14,30,9,5,5,0,0,1,0,0,0,0,0,0,0,4,0,30,15,90%,0,2,0,0,0,0,9
Alejandro Catena,18,1620,0,1,0,0,9,2,22%,1,0,0%,0,1,5,21,16,16,1,0,5,0,0,0,0,0,0,0,10,0,4,2,80%,0,13,0,0,0,0,109
Alejandro Frances,8,555,0,0,0,0,5,0,0%,11,2,18%,0,1,8,12,9,13,0,0,1,0,0,0,0,0,0,0,2,0,2,1,86%,0,0,0,0,0,0,17
Alejo Veliz,16,853,1,0,0,0,15,5,33%,0,0,0%,0,1,23,13,3,1,0,0,2,0,0,0,0,0,0,0,2,0,1,1,69%,0,0,0,0,0,0,16
Aleksandar Sedlar,7,425,0,0,0,0,1,0,0%,0,0,0%,0,0,4,7,7,9,0,0,1,1,0,0,0,0,0,0,1,0,0,0,79%,0,2,0,0,0,0,12
Alex Baena,18,1466,5,5,0,0,38,10,26%,117,39,33%,1,13,27,24,13,6,0,0,7,0,0,0,1,0,0,0,2,0,10,57,74%,55,23,6,6,0,0,7
Alex Berenguer,19,1114,5,4,0,0,27,11,41%,73,13,18%,0,8,15,14,5,5,0,0,2,0,0,2,1,0,0,0,2,0,12,19,77%,31,18,2,0,0,0,7
Alex Kral,20,1746,0,1,0,0,13,1,8%,25,3,12%,0,13,15,20,17,29,0,0,1,0,0,0,0,0,0,0,9,0,18,9,76%,0,1,0,0,0,0,25
Alex Munoz,14,982,3,0,0,0,7,5,71%,18,8,44%,0,4,8,19,13,21,0,0,1,0,1,0,0,0,0,0,7,0,1,6,84%,0,2,0,0,0,0,44
Alex Padilla,5,321,0,0,12,6,0,0,0%,0,0,0%,0,0,1,0,0,0,0,0,0,0,0,0,0,0,0,1,0,0,0,0,50%,0,0,0,0,0,0,2
Alex Remiro,20,1800,0,0,49,14,0,0,0%,0,0,0%,0,0,2,0,0,0,0,0,0,0,0,0,0,0,0,0,0,0,0,1,75%,0,2,0,0,0,0,9
Alex Sola,17,970,0,1,0,0,14,2,14%,17,2,12%,0,6,24,22,5,12,0,0,4,0,0,0,0,0,0,0,0,0,20,9,68%,0,0,0,0,0,0,10
Alex Suarez,17,1433,0,0,0,0,1,1,100%,0,0,0%,0,0,10,19,5,14,0,0,7,0,1,0,0,0,0,1,16,0,0,2,86%,0,11,0,0,0,0,67
Alexander Sorloth,18,780,8,2,0,0,34,18,53%,2,1,50%,0,5,10,11,0,1,0,0,0,0,0,0,0,0,0,0,1,0,11,8,64%,0,0,0,0,0,0,14
Alfonso Espino,6,397,0,0,0,0,6,2,33%,12,0,0%,0,5,9,9,9,13,0,0,2,0,0,0,0,0,0,0,3,0,3,1,68%,0,0,0,0,0,0,13
Alfonso Gonzalez,12,439,1,1,0,0,21,8,38%,15,5,33%,0,9,12,10,1,1,0,0,0,1,0,0,0,0,0,0,0,0,9,8,74%,0,0,0,0,0,0,2
Allan Nyom,9,563,1,1,0,0,8,4,50%,14,4,29%,0,2,6,14,2,6,0,0,3,0,1,0,0,0,0,0,1,0,2,4,81%,0,0,0,0,0,0,11
Alvaro Aguado,10,325,0,0,0,0,9,0,0%,11,4,36%,0,2,7,3,2,2,0,0,1,0,0,0,0,0,0,0,0,1,3,2,78%,2,2,0,1,0,0,5
Alvaro Djalo,12,445,1,0,0,0,14,3,21%,6,2,33%,0,3,7,11,1,4,0,0,0,0,0,0,0,0,0,0,0,0,9,3,69%,0,0,0,0,0,0,3
Alvaro Fernandez,8,657,0,0,17,12,0,0,0%,0,0,0%,0,0,2,0,0,0,0,0,2,0,0,0,0,0,0,0,0,0,0,1,60%,0,0,0,0,0,0,8
Alvaro Garcia,18,1113,2,0,0,0,22,4,18%,46,14,30%,1,9,9,9,20,16,0,0,4,0,1,0,0,0,0,0,0,1,5,21,68%,0,0,0,0,0,0,20
Alvaro Garcia Pascual,2,63,0,0,0,0,0,0,0%,1,0,0%,0,1,1,1,2,0,0,0,1,0,0,0,0,0,0,0,0,0,0,0,77%,0,0,0,0,0,0,1
Alvaro Odriozola,2,43,0,0,0,0,0,0,0%,1,1,100%,0,0,1,2,0,1,0,0,1,0,0,0,0,0,0,0,0,0,0,0,71%,0,0,0,0,0,0,1
Alvaro Rodriguez,12,513,2,0,0,0,13,4,31%,2,0,0%,1,2,13,19,3,4,0,0,2,0,0,0,0,0,0,0,0,0,9,3,53%,0,0,0,0,0,0,10
Alvaro Tejero,18,992,1,3,0,0,15,4,27%,89,26,29%,0,10,14,10,8,3,0,0,1,0,0,0,0,0,0,0,1,1,2,26,80%,36,17,3,5,2,1,20
Amath Ndiaye,9,317,0,1,0,0,5,1,20%,4,1,25%,1,1,5,3,2,0,0,0,0,0,0,0,0,0,0,0,1,0,4,4,79%,0,0,0,0,0,0,1
Anastasios Douvikas,18,651,3,1,0,0,17,9,53%,1,1,100%,1,4,26,10,3,4,0,0,2,0,0,0,0,0,0,0,2,0,4,3,72%,0,0,0,0,0,0,5
Ander Barrenetxea,16,690,1,2,0,0,16,5,31%,24,5,21%,0,10,8,19,7,11,0,0,4,0,1,0,0,0,0,0,0,0,10,11,77%,0,0,0,0,0,0,10
Ander Guevara,18,1121,0,1,0,0,7,1,14%,2,0,0%,0,2,13,19,7,20,0,0,1,0,0,0,0,0,0,0,4,0,6,8,78%,0,1,0,0,0,0,24
Ander Herrera,8,272,0,0,0,0,8,4,50%,1,0,0%,0,0,3,6,2,4,0,0,2,0,0,0,1,0,0,0,0,0,2,2,91%,0,0,0,0,0,0,10
Andoni Gorosabel,8,533,0,1,0,0,2,1,50%,13,3,23%,0,4,0,6,4,4,0,0,1,0,0,0,0,0,0,0,1,0,2,3,87%,0,0,0,0,0,0,16
Andre Almeida,17,925,0,0,0,0,9,3,33%,21,8,38%,0,7,8,18,5,15,0,0,1,0,0,0,0,0,0,0,1,0,9,13,88%,8,1,0,0,0,0,6
Andreas Christensen,1,27,0,0,0,0,0,0,0%,0,0,0%,0,0,0,1,0,0,0,0,1,0,0,0,0,0,0,0,0,0,0,0,88%,0,0,0,0,0,0,1
Andrei Ratiu,18,1553,1,2,0,0,19,5,26%,42,3,7%,2,19,6,14,14,24,0,0,1,0,0,0,0,0,0,0,2,0,35,15,84%,0,1,0,0,0,0,29
Andriy Lunin,3,270,0,1,4,4,0,0,0%,0,0,0%,0,0,1,0,0,0,0,0,0,0,0,0,0,0,0,0,0,0,0,1,81%,0,1,0,0,0,0,2
Angel Correa,18,498,2,1,0,0,23,8,35%,15,3,20%,2,8,8,10,3,0,0,0,3,0,0,0,0,0,0,0,0,0,11,7,77%,2,0,0,0,0,0,3
Ansu Fati,4,127,0,0,0,0,5,3,60%,0,0,0%,0,1,2,1,0,1,0,0,1,0,0,0,0,0,0,0,0,0,2,1,87%,0,0,0,0,0,0,0
Ante Budimir,20,1476,10,1,0,0,43,17,40%,3,0,0%,1,8,13,23,1,5,0,0,2,0,0,4,4,4,0,0,3,0,7,9,57%,0,0,0,0,0,0,11
Antoine Griezmann,20,1508,7,4,0,0,29,13,45%,106,23,22%,3,20,16,9,5,13,0,0,2,0,0,0,2,1,0,0,0,0,10,31,78%,39,13,1,3,1,1,14
Antonio Blanco,19,1330,0,1,0,0,14,1,7%,13,5,38%,0,0,16,31,25,21,0,0,5,0,0,0,0,0,0,0,5,0,9,9,81%,0,8,0,0,0,0,23
Antonio Lato,5,263,0,0,0,0,0,0,0%,16,9,56%,0,2,1,5,3,5,0,0,0,1,0,0,0,0,0,0,0,0,0,4,75%,0,0,0,0,0,0,9
Antonio Raillo,19,1677,1,0,0,0,15,4,27%,1,0,0%,0,1,7,25,23,8,0,0,2,1,0,0,0,0,0,0,20,0,2,8,88%,0,13,0,0,0,0,87
Antonio Rudiger,20,1703,0,0,0,0,17,2,12%,3,1,33%,0,3,13,10,8,8,0,0,2,0,0,2,0,0,0,0,11,0,3,4,92%,0,1,0,0,0,0,70
Antonio Sanchez,18,845,0,0,0,0,9,1,11%,20,4,20%,0,3,7,14,11,10,0,0,1,0,0,0,0,0,0,0,2,0,6,4,76%,0,0,0,0,0,0,20
Antonio Sivera,18,1583,0,0,49,28,0,0,0%,0,0,0%,0,0,4,2,0,0,0,0,3,0,2,0,0,0,0,1,0,0,0,1,55%,0,3,0,0,0,0,17
Antoniu Roca,10,385,0,1,0,0,6,3,50%,13,3,23%,0,2,9,8,2,4,0,0,3,0,0,0,0,0,0,0,0,0,12,6,73%,0,0,0,0,0,0,2
Anuar Mohamed,11,776,2,0,0,0,6,3,50%,6,0,0%,0,2,20,12,9,10,0,0,4,0,0,1,0,0,0,0,4,0,3,3,78%,0,0,0,0,0,0,6
Arda Guler,15,590,1,3,0,0,19,8,42%,15,4,27%,0,2,20,10,3,6,0,0,1,0,0,0,0,0,0,0,0,0,11,17,89%,8,4,0,1,1,0,6
Aridane Hernandez,4,204,0,0,0,0,2,1,50%,0,0,0%,0,0,4,1,2,1,0,0,0,0,0,0,0,0,0,1,1,0,0,0,86%,0,1,0,0,0,0,16
Aritz Aranbarri,2,177,0,0,0,0,1,0,0%,0,0,0%,0,0,0,0,3,1,0,0,0,0,0,0,0,0,0,0,2,0,0,0,73%,0,2,0,0,0,0,8
Aritz Elustondo,8,444,0,0,0,0,2,0,0%,2,0,0%,0,2,9,8,3,4,0,0,0,0,0,0,0,0,0,0,5,0,1,3,86%,0,0,0,0,0,0,18
Arnau Martinez,17,1353,2,2,0,0,10,3,30%,36,4,11%,0,10,21,8,7,14,0,0,2,0,1,0,0,0,0,0,4,0,11,14,89%,0,1,0,0,0,0,24
Arnaut Danjuma,17,947,3,0,0,0,21,11,52%,41,9,22%,0,14,7,10,1,5,0,0,3,0,1,0,0,0,0,0,1,0,12,10,83%,14,1,0,0,0,0,1
Asier Villalibre,8,213,1,0,0,0,6,2,33%,1,0,0%,0,0,6,5,1,0,0,0,0,0,0,0,1,1,0,0,0,0,0,0,69%,0,0,0,0,0,0,4
Assane Diao,10,276,1,2,0,0,7,1,14%,4,2,50%,0,0,4,4,0,3,0,0,0,0,0,0,0,0,0,0,0,0,2,8,75%,0,0,0,0,0,0,3
Augusto Batalla,15,1350,0,0,49,17,0,0,0%,0,0,0%,0,1,2,0,0,2,0,0,3,0,0,0,0,0,0,0,0,0,4,0,57%,0,1,0,0,0,0,8
Aurelien Tchouameni,15,1274,0,0,0,0,9,1,11%,3,1,33%,0,0,11,13,24,11,0,0,1,0,0,0,0,0,0,0,9,0,5,4,93%,0,0,0,0,0,0,21
Axel Witsel,11,671,0,1,0,0,1,0,0%,0,0,0%,0,1,3,4,6,11,1,0,1,0,0,0,0,0,0,0,7,0,1,2,90%,0,1,0,0,0,0,28
Ayoze Perez,13,749,8,0,0,0,28,9,32%,7,3,43%,0,6,24,11,2,8,0,0,3,0,0,0,0,0,0,0,0,0,13,12,82%,0,0,0,0,0,0,5
Benat Prados,16,887,1,0,0,0,10,5,50%,5,1,20%,0,1,10,19,20,14,0,0,6,0,0,0,0,0,0,0,1,0,2,4,83%,0,0,0,0,0,0,14
Benat Turrientes,12,561,0,0,0,0,5,1,20%,16,4,25%,0,2,12,10,4,3,0,0,3,0,0,0,0,0,0,0,2,0,5,1,90%,6,6,2,0,0,0,5
Benito Ramirez,13,346,0,0,0,0,6,0,0%,24,8,33%,0,2,6,3,1,3,0,0,2,1,0,0,0,0,0,0,3,0,0,8,84%,1,1,1,0,0,0,10
Bertug Yildirim,15,865,1,0,0,0,18,7,39%,4,2,50%,0,5,14,26,1,3,0,0,6,0,0,1,0,0,0,0,2,0,4,6,53%,0,0,0,0,0,0,11
Bojan Miovski,10,638,2,1,0,0,11,4,36%,3,1,33%,0,1,9,10,2,4,0,0,0,0,0,1,0,0,0,0,0,0,0,2,82%,0,0,0,0,0,0,7
Borja Iglesias,20,1078,5,0,0,0,22,13,59%,1,0,0%,0,1,21,22,3,5,0,0,0,0,0,0,0,0,0,0,2,0,9,10,76%,0,0,0,0,0,0,6
Borja Mayoral,6,158,2,0,0,0,5,3,60%,4,0,0%,0,4,1,2,0,1,0,0,0,0,0,0,1,1,0,0,0,0,3,1,69%,0,0,0,0,0,0,2
Boyomo,20,1772,1,0,0,0,6,2,33%,0,0,0%,0,0,5,27,20,25,0,0,3,0,0,0,0,0,0,0,17,1,7,0,88%,0,3,0,0,0,0,75
Brahim Diaz,15,683,3,2,0,0,13,8,62%,5,0,0%,0,2,17,8,2,11,0,0,0,0,0,0,0,0,0,0,0,0,16,13,87%,0,0,0,0,0,0,1
Brais Mendez,17,1154,2,1,0,0,20,6,30%,36,6,17%,0,5,33,31,6,11,0,0,4,0,0,0,0,0,0,0,1,0,8,17,83%,15,12,0,4,2,0,14
Brian Olivan,16,999,0,1,0,0,6,1,17%,54,14,26%,0,6,6,13,10,10,2,0,2,0,0,0,0,0,0,0,2,0,1,15,75%,5,5,1,2,0,0,20
Bryan Gil,18,1218,2,3,0,0,24,10,42%,59,9,15%,0,15,30,16,7,15,0,0,2,0,0,0,0,0,0,0,0,0,28,17,90%,10,1,0,0,0,0,6
Bryan Zaragoza,15,1051,1,5,0,0,18,7,39%,47,14,30%,0,8,19,8,1,8,0,0,3,0,0,0,0,0,0,0,0,0,34,21,64%,4,3,0,0,0,0,8
Carl Starfelt,18,1446,1,0,0,0,4,1,25%,0,0,0%,0,1,6,10,22,10,1,0,4,0,0,0,0,0,0,0,14,0,0,4,93%,0,0,0,0,0,0,81
Carles Alena,9,438,0,0,0,0,5,1,20%,6,2,33%,1,1,11,8,0,3,0,0,1,0,0,0,0,0,0,0,1,0,3,3,81%,1,3,1,0,0,0,6
Carles Perez,17,1105,0,0,0,0,26,5,19%,33,10,30%,0,5,6,27,6,16,0,0,1,0,0,0,0,0,0,0,1,0,17,14,72%,2,7,3,1,0,0,13
Carlos Benavidez,8,245,1,1,0,0,3,1,33%,1,0,0%,0,0,2,9,6,3,0,0,1,0,0,0,0,0,0,0,1,0,2,2,75%,0,0,0,0,0,0,3
Carlos Dominguez,9,524,0,0,0,0,3,1,33%,0,0,0%,0,1,4,3,4,6,0,0,0,0,0,0,0,0,0,1,5,0,1,1,85%,0,2,0,0,0,0,29
Carlos Guirao,2,110,0,0,0,0,0,0,0%,0,0,0%,0,0,0,4,3,3,0,0,0,0,0,0,0,0,0,0,1,0,1,0,80%,0,0,0,0,0,0,2
Carlos Martin,13,676,2,1,0,0,14,6,43%,11,3,27%,0,8,17,16,3,11,0,0,2,0,0,0,0,0,0,0,1,0,4,5,66%,0,0,0,0,0,0,7
Carlos Romero,17,1051,1,1,0,0,12,2,17%,42,10,24%,0,8,4,16,8,20,1,0,4,0,2,0,0,0,0,0,2,0,7,15,73%,8,2,1,0,0,0,30
Carlos Vicente,19,1684,3,3,0,0,19,8,42%,135,40,30%,0,16,33,12,8,12,0,0,1,0,0,0,0,0,0,0,1,0,20,36,73%,35,19,6,1,0,0,11
Cedric Bakambu,11,341,0,1,0,0,12,4,33%,2,0,0%,1,2,3,5,0,0,0,0,2,0,0,0,0,0,0,0,0,0,1,4,60%,0,1,0,0,0,0,1
Cenk Ozkacar,4,196,0,0,0,0,1,0,0%,0,0,0%,0,0,0,1,7,3,0,0,0,0,0,0,0,0,0,0,2,0,0,0,83%,0,0,0,0,0,0,17
Cesar Azpilicueta,6,480,0,0,0,0,3,1,33%,3,1,33%,0,0,5,4,2,5,0,0,0,0,0,0,0,0,0,0,1,0,0,0,89%,0,0,0,0,0,0,13
Cesar Tarrega,17,1496,2,0,0,0,12,5,42%,0,0,0%,0,1,3,28,8,16,0,0,3,0,1,0,0,0,0,0,8,1,3,1,80%,0,5,0,0,0,0,87
Chema Andres,1,8,0,0,0,0,0,0,0%,0,0,0%,0,0,0,1,0,0,0,0,0,0,0,0,0,0,0,0,0,0,0,0,100%,0,0,0,0,0,0,1
Chidera Ejuke,10,553,1,0,0,0,11,5,45%,14,3,21%,0,6,7,2,1,4,0,0,0,0,0,0,0,0,0,0,0,0,32,14,82%,10,0,0,0,0,0,2
Chimy Avila,15,574,2,0,0,0,20,10,50%,22,7,32%,1,5,17,11,1,4,0,0,4,1,0,0,0,0,0,0,0,0,4,16,77%,0,0,0,0,0,0,5
Chiquinho,7,146,0,0,0,0,4,2,50%,9,2,22%,0,1,7,5,1,0,0,0,2,0,0,0,0,0,0,0,0,0,5,1,78%,4,3,0,0,0,0,0
Chrisantus Uche,20,1489,1,1,0,0,36,9,25%,14,3,21%,1,8,43,36,5,10,0,0,3,0,0,0,0,0,0,0,1,0,24,16,71%,0,0,0,0,0,0,11
Christian Mosquera,20,1789,0,0,0,0,3,1,33%,0,0,0%,0,1,16,9,20,12,1,0,5,0,2,0,0,0,0,0,14,1,4,0,91%,0,4,0,0,0,0,59
Christian Stuani,15,324,4,1,0,0,15,8,53%,1,0,0%,0,2,0,9,3,4,0,0,2,0,0,0,2,2,0,0,0,0,2,3,67%,0,0,0,0,0,0,4
Chuki,4,88,0,0,0,0,0,0,0%,5,2,40%,0,0,3,0,0,0,0,0,1,0,0,0,0,0,0,0,0,0,0,1,71%,0,2,2,0,0,0,0
Clement Lenglet,11,923,1,1,0,0,6,2,33%,1,0,0%,0,0,12,15,15,4,0,0,5,0,0,0,0,0,0,0,7,0,1,3,87%,0,7,0,1,1,0,49
Coba Gomes,6,437,1,1,0,0,11,5,45%,9,2,22%,0,4,5,3,3,7,0,0,1,0,0,0,0,0,0,0,0,0,4,4,66%,0,0,0,0,0,0,3
Conor Gallagher,15,902,2,0,0,0,10,2,20%,6,1,17%,0,5,22,14,8,17,0,0,1,0,0,0,0,0,0,0,2,0,7,3,85%,1,0,0,0,0,0,11
Cristian Portu,11,224,0,1,0,0,1,0,0%,11,1,9%,0,1,5,4,0,2,0,0,3,0,0,0,0,0,0,0,0,0,1,3,87%,7,0,0,0,0,0,1
Cyle Larin,17,1058,5,2,0,0,24,11,46%,3,0,0%,0,6,22,18,2,2,0,0,2,0,0,1,1,1,0,0,1,0,2,4,67%,0,0,0,0,0,0,6
Dakonam Djene,18,1442,0,0,0,0,4,0,0%,16,5,31%,0,1,14,20,17,4,0,0,7,0,0,0,0,0,0,0,7,0,4,6,78%,0,3,0,0,0,0,56
Daley Blind,17,1356,0,1,0,0,4,2,50%,21,3,14%,0,6,8,9,17,14,0,0,2,0,0,0,0,0,0,0,8,1,8,7,91%,0,9,0,0,0,0,42
Daley Sinkgraven,2,90,0,0,0,0,0,0,0%,4,0,0%,0,0,2,2,1,1,0,0,0,0,0,0,0,0,0,0,0,0,1,1,79%,0,0,0,0,0,0,1
Damian Rodriguez,11,622,0,0,0,0,1,0,0%,21,6,29%,0,2,7,9,5,5,0,0,2,0,0,0,0,0,0,0,1,0,0,11,90%,13,6,1,0,0,0,9
Dani Cardenas,5,450,0,0,13,6,0,0,0%,0,0,0%,0,0,1,0,0,0,0,0,0,0,0,0,0,0,0,0,0,0,0,0,48%,0,2,0,0,0,0,5
Dani Ceballos,11,589,0,0,0,0,1,1,100%,6,2,33%,0,2,17,7,9,13,0,0,2,0,0,0,0,0,0,0,1,0,4,7,94%,2,1,0,0,0,0,3
Dani Gomez,14,531,2,0,0,0,13,6,46%,1,0,0%,0,5,8,7,3,2,0,0,0,0,0,0,0,0,0,0,0,0,3,1,74%,0,0,0,0,0,0,4
Dani Olmo,12,652,5,0,0,0,24,8,33%,10,2,20%,3,2,8,11,2,7,0,0,0,0,0,0,0,0,0,0,2,0,16,9,80%,1,5,1,0,0,0,6
Dani Parejo,19,1331,3,1,0,0,8,4,50%,15,6,40%,0,2,19,12,10,25,0,0,5,0,0,0,2,1,0,0,3,0,6,10,89%,8,6,0,0,0,0,18
Dani Rodriguez,20,1070,3,4,0,0,14,5,36%,66,19,29%,0,5,22,22,4,16,0,0,2,0,0,0,0,0,0,0,1,0,8,13,76%,32,12,2,0,0,0,10
Dani Vivian,17,1405,3,0,0,0,10,4,40%,4,0,0%,1,2,11,20,22,17,0,0,1,0,0,0,0,0,0,0,5,0,4,2,86%,0,5,0,0,0,0,74
Daniel Carvajal,8,610,1,0,0,0,3,1,33%,14,1,7%,0,2,6,3,9,8,1,0,1,0,0,0,0,0,0,0,3,0,2,5,88%,0,0,0,0,0,0,14
Daniel Luna,2,20,0,0,0,0,0,0,0%,3,0,0%,0,0,1,0,0,0,0,0,0,0,0,0,0,0,0,0,0,0,1,0,78%,1,0,0,0,0,0,0
Daniel Raba,12,600,1,4,0,0,12,4,33%,32,7,22%,0,5,22,13,7,9,0,0,1,0,0,1,2,1,0,0,1,0,15,17,74%,12,12,3,1,0,0,4
Daniel Yanez,1,2,0,0,0,0,0,0,0%,0,0,0%,0,0,1,0,0,0,0,0,0,0,0,0,0,0,0,0,0,0,0,0,0%,0,0,0,0,0,0,0
Dario Benavides,1,5,0,0,0,0,0,0,0%,0,0,0%,0,0,0,0,0,0,0,0,1,0,0,0,0,0,0,0,0,0,0,0,0%,0,0,0,0,0,0,0
Dario Essugo,13,1030,1,0,0,0,13,3,23%,1,0,0%,0,3,20,20,23,23,0,0,5,0,0,0,0,0,0,0,7,0,10,7,88%,0,1,0,0,0,0,21
Darko Brasanac,17,1001,1,2,0,0,7,2,29%,4,1,25%,1,3,5,26,7,6,0,0,1,0,0,0,0,0,0,0,7,0,1,6,78%,0,0,0,0,0,0,29
Darwin Machis,7,304,0,0,0,0,7,0,0%,23,6,26%,0,3,3,2,2,2,0,0,0,0,0,0,0,0,0,0,0,0,1,2,64%,8,3,2,1,0,0,6
David Alaba,1,15,0,0,0,0,0,0,0%,0,0,0%,0,0,0,0,0,0,0,0,0,0,0,0,0,0,0,0,0,0,0,0,93%,0,0,0,0,0,0,0
David Arguelles,1,7,0,0,0,0,0,0,0%,0,0,0%,0,0,0,0,0,0,0,0,0,0,0,0,0,0,0,0,0,0,0,0,60%,0,0,0,0,0,0,0
David Lopez,19,1657,1,0,0,0,8,1,13%,1,0,0%,0,0,10,5,12,14,1,0,3,0,0,0,0,0,0,0,9,1,6,2,92%,0,4,0,0,0,0,73
David Otorbi,1,14,0,0,0,0,0,0,0%,0,0,0%,0,0,0,0,0,0,0,0,0,0,0,0,0,0,0,0,0,0,0,0,50%,0,0,0,0,0,0,0
David Soria,20,1800,0,0,44,17,0,0,0%,0,0,0%,0,0,0,0,0,4,2,0,0,0,0,0,0,0,1,0,0,2,0,0,51%,0,6,0,0,0,0,12
David Torres,11,823,0,0,0,0,1,0,0%,1,0,0%,0,0,1,9,4,5,0,0,4,0,0,0,0,0,0,1,10,0,0,0,84%,0,0,0,0,0,0,38
Denis Suarez,10,313,0,1,0,0,5,2,40%,11,2,18%,0,3,4,1,1,3,0,0,0,0,0,0,0,0,0,0,1,0,5,6,79%,4,2,1,0,0,0,1
Diego Conde,15,1332,0,1,43,25,0,0,0%,0,0,0%,0,0,0,0,1,2,0,0,1,0,0,0,0,0,0,0,0,2,0,2,76%,0,0,0,0,0,0,10
Diego Garcia,13,423,1,0,0,0,12,4,33%,4,1,25%,0,3,13,8,1,0,0,0,0,0,0,0,0,0,0,0,1,0,1,5,64%,0,0,0,0,0,0,5
Diego Javier Llorente,19,1674,0,0,0,0,6,2,33%,1,0,0%,0,4,12,15,33,9,1,0,2,0,1,0,0,0,0,1,14,0,5,5,86%,0,4,0,0,0,0,91
Diego Lopez,20,1482,3,2,0,0,19,6,32%,52,8,15%,2,16,20,12,4,11,0,0,1,0,0,1,0,0,0,0,0,0,13,19,75%,0,0,0,0,0,0,6
Diego Rico,18,1527,0,1,0,0,11,3,27%,91,26,29%,0,8,31,16,18,21,0,0,5,0,0,1,0,0,0,0,1,0,4,23,69%,6,7,0,1,0,0,31
Dimitri Foulquier,19,1180,0,0,0,0,10,2,20%,38,2,5%,0,11,17,18,7,20,0,0,4,0,0,0,0,0,0,0,1,0,5,3,76%,0,4,0,0,0,0,33
Dinko Horkas,3,211,0,0,4,5,0,0,0%,0,0,0%,0,0,0,1,0,0,0,0,1,0,1,0,0,0,1,0,0,0,0,0,84%,0,0,0,0,0,0,1
Djibril Sow,15,922,1,0,0,0,11,4,36%,3,0,0%,0,3,21,16,9,3,0,0,4,0,0,0,0,0,0,0,1,0,1,9,89%,0,0,0,0,0,0,7
Dodi Lukebakio,20,1644,9,0,0,0,52,24,46%,62,15,24%,2,29,28,18,3,7,0,0,1,0,0,0,1,1,0,0,0,0,53,25,81%,34,3,0,0,0,0,5
Domingos Duarte,6,452,0,0,0,0,0,0,0%,0,0,0%,0,0,0,9,3,3,1,0,0,0,0,0,0,0,0,0,4,0,0,1,86%,0,0,0,0,0,0,31
Dominik Greif,15,1350,0,0,36,18,0,0,0%,0,0,0%,0,0,1,0,0,0,0,0,1,0,0,0,0,0,0,0,0,0,0,0,68%,0,1,0,0,0,0,8
Donny van de Beek,16,964,2,2,0,0,12,3,25%,7,0,0%,0,4,4,18,4,12,0,0,3,0,0,0,0,0,0,0,2,0,5,11,83%,0,0,0,0,0,0,7
Eder Militao,12,938,1,1,0,0,10,3,30%,2,0,0%,0,3,8,18,12,17,0,0,2,0,0,0,0,0,0,0,8,0,5,6,90%,0,3,0,0,0,0,34
Edu Exposito,3,73,0,0,0,0,4,0,0%,10,0,0%,0,3,4,2,0,2,0,0,0,0,0,0,0,0,0,0,0,0,2,3,79%,4,2,0,1,0,0,2
Eduardo Camavinga,8,520,0,2,0,0,3,0,0%,0,0,0%,0,1,15,10,9,13,0,0,0,0,0,0,0,0,0,0,4,0,4,5,89%,0,0,0,0,0,0,5
Endrick,13,100,1,0,0,0,11,4,36%,0,0,0%,0,0,5,5,3,0,0,0,1,0,0,1,0,0,0,0,0,0,2,1,82%,0,0,0,0,0,0,0
Enric Franquesa,12,616,1,0,0,0,3,1,33%,16,2,13%,0,1,6,8,5,9,1,0,1,0,0,0,0,0,0,0,1,0,9,2,73%,0,0,0,0,0,0,10
Enzo Barrenechea,15,991,1,1,0,0,5,1,20%,1,0,0%,0,0,17,13,7,13,0,0,3,0,0,1,0,0,0,0,5,0,4,7,85%,0,1,0,0,0,0,23
Enzo Loiodice,12,307,0,0,0,0,2,0,0%,8,3,38%,0,1,3,5,4,3,0,0,2,0,0,0,0,0,0,0,0,0,2,3,83%,4,1,0,0,0,0,4
Eray Comert,16,1072,0,0,0,0,8,0,0%,0,0,0%,0,1,9,13,10,10,0,0,5,0,0,0,0,0,0,0,12,0,3,0,85%,0,3,0,1,0,0,34
Eric Bailly,9,579,0,0,0,0,4,0,0%,0,0,0%,0,1,1,6,6,3,0,0,2,0,1,0,0,0,0,0,6,0,2,0,88%,0,1,0,0,0,0,24
Eric Garcia,11,536,0,1,0,0,6,3,50%,1,0,0%,0,3,3,8,6,6,0,0,0,0,0,0,0,0,0,0,3,0,2,1,92%,0,0,0,0,0,0,10
Fabio Gonzalez,2,53,0,0,0,0,2,0,0%,1,0,0%,0,0,0,1,0,0,0,0,0,0,0,0,0,0,0,0,0,0,0,0,83%,0,0,0,0,0,0,0
Fabio Silva,15,1112,6,2,0,0,32,17,53%,12,2,17%,1,11,28,24,3,2,0,0,6,0,0,0,2,1,0,0,0,0,11,6,65%,0,0,0,0,0,0,17
Federico Valverde,20,1738,5,2,0,0,25,14,56%,17,0,0%,0,8,9,6,39,19,0,0,3,0,0,0,0,0,0,0,4,1,8,24,90%,3,1,0,2,2,1,20
Fer Lopez,1,42,0,0,0,0,1,0,0%,0,0,0%,0,0,1,0,1,1,0,0,0,0,0,0,0,0,0,0,0,0,1,0,73%,0,0,0,0,0,0,0
Ferland Mendy,12,836,0,0,0,0,0,0,0%,1,0,0%,0,0,5,5,9,13,0,0,1,1,0,0,0,0,0,0,3,0,2,1,94%,0,4,0,0,0,0,6
Fermin Lopez,12,395,0,0,0,0,12,4,33%,9,4,44%,0,2,7,6,3,5,0,0,2,0,0,0,0,0,0,0,0,0,2,3,86%,0,0,0,0,0,0,1
Fernando Calero,5,210,0,0,0,0,0,0,0%,0,0,0%,0,0,4,2,6,2,0,0,0,0,0,0,0,0,0,0,3,0,0,1,85%,0,0,0,0,0,0,19
Ferran Ruiz,1,18,0,0,0,0,0,0,0%,0,0,0%,0,0,0,0,1,0,0,0,0,0,0,0,0,0,0,0,1,0,0,0,50%,0,0,0,0,0,0,0
Ferran Torres,14,532,3,2,0,0,16,8,50%,12,2,17%,1,7,3,3,1,4,0,0,0,1,0,0,0,0,0,0,0,0,6,9,76%,2,3,1,0,0,0,0
Florian Lejeune,20,1795,0,2,0,0,28,9,32%,2,0,0%,2,4,8,24,15,19,0,0,3,0,0,0,0,0,0,0,19,0,3,8,82%,0,13,0,12,7,0,95
Fran Beltran,16,1216,1,0,0,0,11,1,9%,2,1,50%,0,1,4,10,9,19,0,0,1,0,0,0,0,0,0,0,4,1,5,7,89%,0,1,0,0,0,0,17
Fran Garcia,15,858,0,1,0,0,8,2,25%,26,9,35%,0,6,11,4,10,11,0,0,0,0,0,0,0,0,0,0,3,0,3,7,89%,0,1,0,0,0,0,20
Fran Perez,8,225,0,0,0,0,3,0,0%,10,1,10%,0,2,6,2,1,2,0,0,0,0,0,0,0,0,0,0,0,0,3,2,84%,0,0,0,0,0,0,1
Francisco Vieites,4,360,0,0,7,5,1,1,100%,0,0,0%,0,0,2,0,0,0,0,0,0,0,0,0,0,0,0,0,0,0,0,0,58%,0,2,0,0,0,0,1
Franco Cervi,4,144,0,0,0,0,0,0,0%,1,0,0%,0,0,1,3,6,3,0,0,1,0,0,0,0,0,0,0,0,0,1,4,67%,1,0,0,0,0,0,3
Frenkie de Jong,9,280,1,1,0,0,3,2,67%,3,0,0%,0,1,4,6,2,2,0,0,1,0,1,0,0,0,0,0,0,0,2,6,93%,0,0,0,0,0,0,1
Gabriel Misehouy,7,222,1,0,0,0,6,2,33%,6,1,17%,0,1,5,1,0,1,0,0,0,0,0,0,0,0,0,0,0,0,6,4,92%,3,1,0,0,0,0,0
Gerard Gumbau,11,473,0,1,0,0,7,3,43%,25,7,28%,0,0,4,12,3,11,0,0,2,0,0,0,0,0,0,0,3,0,1,10,74%,14,7,2,0,0,0,9
Gerard Martin,11,388,0,1,0,0,0,0,0%,10,3,30%,0,2,2,6,5,4,0,0,2,0,0,0,0,0,0,0,2,0,0,4,82%,0,0,0,0,0,0,10
Gerard Moreno,10,476,2,1,0,0,22,11,50%,8,3,38%,1,9,5,7,2,4,0,0,0,0,0,0,2,2,0,0,0,0,6,11,82%,0,0,0,0,0,0,3
German Valera,8,148,0,0,0,0,3,2,67%,6,0,0%,0,0,4,2,3,1,0,0,0,0,0,0,0,0,0,0,0,0,3,1,83%,0,0,0,0,0,0,2
Giorgi Mamardashvili,16,1440,0,0,36,23,0,0,0%,0,0,0%,0,0,2,0,0,0,0,0,1,0,0,0,0,0,1,0,0,1,0,2,62%,0,6,0,0,0,0,7
Giovani Lo Celso,13,944,7,1,0,0,25,13,52%,71,20,28%,0,11,44,10,5,14,0,0,3,0,0,0,2,2,0,0,1,0,14,24,84%,41,18,7,3,2,1,2
Giuliano Simeone,15,750,1,2,0,0,6,4,67%,20,6,30%,0,12,14,7,5,5,0,0,2,0,0,0,0,0,0,0,1,0,10,11,80%,0,0,0,0,0,0,4
Gonzalo Montiel,6,111,0,0,0,0,1,0,0%,3,1,33%,0,1,1,3,2,2,0,0,1,0,0,0,0,0,0,0,0,0,0,0,92%,0,0,0,0,0,0,10
Gorka Guruzeta,19,986,5,2,0,0,28,13,46%,2,0,0%,0,3,14,26,5,3,0,0,2,0,0,0,0,0,0,0,2,0,6,9,78%,0,0,0,0,0,0,10
Gorka Rivera,1,20,0,0,0,0,0,0,0%,0,0,0%,0,0,1,1,0,0,0,0,0,0,0,0,0,0,0,0,0,0,0,0,33%,0,0,0,0,0,0,0
Hamari Traore,4,311,0,1,0,0,0,0,0%,3,0,0%,0,0,3,4,3,7,0,0,0,0,0,0,0,0,0,0,1,0,1,2,82%,0,1,0,0,0,0,11
Hector Bellerin,7,524,0,1,0,0,1,1,100%,10,3,30%,0,3,0,6,6,7,0,0,1,0,0,0,0,0,0,0,3,0,6,7,82%,0,0,0,0,0,0,13
Hector Fort,9,275,0,0,0,0,2,0,0%,5,2,40%,0,1,1,3,5,6,0,0,2,0,0,0,0,0,0,0,0,0,2,4,91%,0,0,0,0,0,0,8
Hugo Alvarez,20,1281,4,1,0,0,22,8,36%,27,5,19%,0,9,12,21,8,10,0,0,4,0,1,0,0,0,0,0,1,0,25,12,79%,5,1,0,1,1,0,13
Hugo Duro,17,1384,6,2,0,0,29,11,38%,5,0,0%,0,5,35,24,7,5,0,0,3,0,1,0,0,0,0,1,1,0,6,10,72%,0,0,0,1,0,0,7
Hugo Guillamon,10,360,0,0,0,0,2,1,50%,1,1,100%,0,0,4,6,5,8,0,0,2,0,0,0,0,0,0,0,1,1,1,2,81%,0,3,0,0,0,0,8
Hugo Novoa,4,222,0,0,0,0,1,0,0%,7,2,29%,0,1,1,1,0,5,0,0,0,0,0,0,0,0,0,0,1,0,3,1,80%,0,0,0,0,0,0,5
Hugo Sotelo,14,716,0,0,0,0,3,0,0%,23,8,35%,0,3,7,12,2,12,0,0,4,0,0,0,0,0,0,0,0,0,4,13,88%,12,5,0,0,0,0,3
Iago Aspas,16,1206,6,3,0,0,37,17,46%,7,3,43%,1,1,27,12,6,7,0,0,4,1,0,1,3,2,0,0,1,0,9,22,75%,1,0,0,2,0,0,2
Igor Zubeldia,17,1475,0,0,0,0,6,3,50%,1,0,0%,0,0,8,25,20,16,1,0,5,0,1,0,0,0,0,0,14,0,1,3,86%,0,4,0,0,0,0,58
Iker Almena,2,48,0,1,0,0,1,0,0%,4,0,0%,0,1,1,0,0,0,0,0,0,0,0,0,0,0,0,0,0,0,2,2,81%,0,0,0,0,0,0,2
Iker Benito,2,37,0,0,0,0,0,0,0%,2,0,0%,0,0,1,1,1,0,0,0,0,0,0,0,0,0,0,0,0,0,0,1,82%,0,0,0,0,0,0,2
Iker Cordoba,1,6,0,0,0,0,0,0,0%,1,1,100%,0,0,0,0,0,0,0,0,0,0,0,0,0,0,0,0,0,0,0,1,100%,0,0,0,0,0,0,1
Iker Losada,10,335,0,0,0,0,5,1,20%,4,1,25%,0,1,2,1,3,7,0,0,0,0,0,0,0,0,0,0,0,0,2,6,77%,0,0,0,0,0,0,2
Iker Munoz,8,188,0,0,0,0,2,0,0%,2,0,0%,0,0,3,2,1,0,0,0,0,0,0,0,0,0,0,0,0,0,1,0,74%,0,0,0,0,0,0,3
Ilaix Moriba,17,990,0,1,0,0,15,4,27%,5,2,40%,0,4,33,12,5,22,0,0,6,1,0,0,0,0,0,0,3,0,8,15,89%,0,1,0,0,0,0,15
Ilias Akhomach,11,584,1,0,0,0,17,6,35%,18,3,17%,0,6,21,9,2,8,0,0,1,0,0,0,0,0,0,0,0,0,18,9,80%,2,0,0,0,0,0,9
Inaki Pena,15,1303,0,0,34,18,0,0,0%,0,0,0%,0,0,0,0,0,0,0,0,1,0,0,0,0,0,0,0,0,0,0,0,87%,0,0,0,0,0,0,23
Inaki Williams,19,1555,4,6,0,0,33,12,36%,57,10,18%,2,25,28,15,9,7,0,0,0,0,0,1,0,0,0,0,2,0,27,21,69%,0,0,0,0,0,0,16
Inigo Lekue,7,373,0,0,0,0,0,0,0%,9,0,0%,0,0,1,3,3,4,0,0,1,0,0,0,0,0,0,0,1,1,1,3,78%,0,0,0,0,0,0,13
Inigo Martinez,18,1600,0,1,0,0,9,2,22%,1,1,100%,0,1,18,10,16,9,0,0,3,0,0,0,0,0,0,0,5,0,0,11,91%,0,3,0,0,0,0,59
Inigo Ruiz de Galarreta,16,952,0,2,0,0,3,0,0%,21,6,29%,0,0,11,23,7,17,0,0,3,0,0,0,0,0,0,0,2,0,9,21,86%,5,6,1,0,0,0,8
Irvin Cardona,16,607,1,1,0,0,10,3,30%,13,4,31%,0,4,8,8,4,6,0,0,1,0,0,0,0,0,0,0,1,0,3,9,65%,0,0,0,1,0,0,8
Isaac Romero,17,1327,2,2,0,0,36,13,36%,11,2,18%,1,11,21,24,3,3,0,0,5,0,1,1,1,0,0,0,1,0,12,12,75%,0,0,0,0,0,0,15
Isco Alarcon,5,277,1,1,0,0,4,1,25%,14,4,29%,0,3,7,2,1,0,0,0,1,0,0,0,1,1,0,0,0,0,5,10,83%,6,10,3,0,0,0,1
Isi Palazon,20,1211,3,3,0,0,30,8,27%,48,18,38%,0,7,29,27,7,15,0,0,4,0,0,0,0,0,0,0,1,0,13,20,81%,29,6,3,1,0,0,9
Ismael Bekhoucha,1,0,0,0,0,0,0,0,0%,0,0,0%,0,0,0,0,2,0,0,0,1,0,0,0,0,0,0,0,0,0,0,0,0%,0,0,0,0,0,0,0
Isra Dominguez,1,18,0,0,0,0,0,0,0%,0,0,0%,0,0,1,0,0,0,0,0,0,0,0,0,0,0,0,0,0,0,0,0,100%,0,0,0,0,0,0,0
Ivan Balliu,15,734,0,0,0,0,0,0,0%,12,2,17%,0,1,4,12,6,8,0,0,2,0,0,0,0,0,0,0,2,0,2,5,76%,0,1,0,0,0,0,17
Ivan Martin,16,1174,1,0,0,0,4,1,25%,9,1,11%,0,2,10,13,5,9,0,0,1,0,0,0,0,0,0,0,2,0,14,17,92%,0,0,0,0,0,0,4
Ivan Sanchez,18,744,1,1,0,0,6,3,50%,46,7,15%,1,5,24,10,8,12,0,0,4,0,0,0,0,0,0,0,3,0,15,9,82%,10,3,1,1,1,0,3
Ivan Villar,4,360,0,0,11,9,0,0,0%,0,0,0%,0,0,0,0,0,0,0,0,0,0,0,0,0,0,1,0,0,0,0,0,79%,0,0,0,0,0,0,4
Jailson,6,451,0,0,0,0,2,1,50%,1,0,0%,0,0,4,2,8,7,0,0,0,0,0,0,0,0,0,1,3,0,3,0,90%,0,1,0,0,0,0,18
Jaime Mata,17,371,0,0,0,0,8,3,38%,8,1,13%,1,2,7,13,1,0,0,0,4,0,0,0,0,0,0,0,2,0,3,3,74%,0,0,0,0,0,0,6
James Rodriguez,6,140,0,0,0,0,4,2,50%,13,2,15%,0,1,1,2,1,3,0,0,1,0,0,0,0,0,0,0,0,0,5,2,89%,6,3,0,0,0,0,0
Jan Oblak,19,1710,0,0,45,13,0,0,0%,0,0,0%,0,0,1,0,0,0,0,0,0,0,0,0,0,0,0,0,0,1,1,0,75%,0,0,0,0,0,0,5
Jasper Cillessen,18,1589,0,0,64,28,0,0,0%,0,0,0%,0,0,3,0,0,0,0,0,1,0,0,0,0,0,1,0,0,1,0,0,66%,0,3,0,0,0,0,12
Javi Galan,12,844,0,2,0,0,3,0,0%,26,6,23%,0,6,15,19,5,15,1,0,5,0,1,0,0,0,0,0,2,0,16,7,84%,0,2,0,0,0,0,12
Javi Guerra,19,1176,0,1,0,0,20,3,15%,27,7,26%,0,9,15,11,9,15,0,0,1,0,0,0,0,0,0,0,0,0,11,9,78%,7,8,0,0,0,0,22
Javi Hernandez,17,1216,0,1,0,0,5,1,20%,27,2,7%,0,4,5,30,17,12,1,0,2,0,0,0,0,0,0,0,3,0,8,10,74%,0,2,0,1,0,0,54
Javi Llabres,1,57,0,0,0,0,1,0,0%,4,1,25%,0,1,1,0,0,0,0,0,0,0,0,0,0,0,0,0,0,0,0,1,95%,0,0,0,0,0,0,0
Javi Lopez,14,924,0,0,0,0,4,1,25%,21,3,14%,0,5,11,15,4,9,1,0,2,0,0,0,0,0,0,0,3,1,4,2,85%,0,0,0,0,0,0,24
Javi Martinez,1,6,0,0,0,0,0,0,0%,0,0,0%,0,0,0,0,0,0,0,0,0,0,0,0,0,0,0,0,0,0,0,0,100%,0,0,0,0,0,0,0
Javi Munoz,20,1351,0,2,0,0,11,3,27%,15,4,27%,0,3,14,15,16,21,0,0,1,0,0,0,0,0,0,0,1,0,8,15,79%,0,0,0,0,0,0,19
Javi Puado,18,1544,7,1,0,0,37,11,30%,12,2,17%,1,8,15,11,4,11,0,0,3,0,0,0,1,1,0,0,0,0,9,9,78%,0,0,0,0,0,0,8
Javi Rodriguez,18,1212,1,2,0,0,5,1,20%,2,1,50%,0,2,11,15,19,19,0,0,5,0,0,0,0,0,0,0,2,1,2,6,85%,0,2,0,0,0,0,37
Javi Sanchez,14,1154,1,0,0,0,4,2,50%,0,0,0%,0,0,0,10,9,9,0,0,3,0,0,0,0,0,0,0,15,0,0,2,87%,0,5,0,1,1,1,64
Javier Manquillo,10,515,0,0,0,0,0,0,0%,3,1,33%,0,2,1,9,6,6,0,0,1,0,0,0,0,0,0,0,3,0,0,0,91%,0,0,0,0,0,0,15
Javier Marton,3,52,0,0,0,0,0,0,0%,0,0,0%,0,1,0,1,0,0,0,0,1,0,0,0,0,0,0,0,0,0,0,0,88%,0,0,0,0,0,0,0
Jesus Areso,19,1622,0,1,0,0,3,0,0%,89,24,27%,0,15,9,22,6,20,1,0,3,0,0,0,0,0,0,0,3,0,13,17,79%,0,0,0,0,0,0,53
Jesus Navas,14,354,1,0,0,0,3,2,67%,31,10,32%,0,4,4,1,2,2,0,0,0,0,0,0,0,0,0,0,0,0,3,10,84%,0,1,1,0,0,0,4
Jesus Owono,3,217,0,0,1,4,0,0,0%,0,0,0%,0,0,1,1,0,1,1,0,0,0,1,0,0,0,0,0,0,0,1,0,53%,0,0,0,0,0,0,2
Jesus Rodriguez,4,175,1,0,0,0,3,3,100%,6,1,17%,0,3,10,2,1,4,0,0,0,0,0,0,0,0,0,0,0,0,6,1,67%,1,0,0,0,0,0,0
Jesus Vallejo,1,11,0,0,0,0,0,0,0%,0,0,0%,0,0,0,0,0,0,0,0,0,0,0,0,0,0,0,0,0,0,0,0,86%,0,0,0,0,0,0,1
Jesus Vazquez,12,652,0,0,0,0,3,1,33%,20,2,10%,0,8,7,13,5,13,0,0,3,0,0,0,0,0,0,0,5,0,10,1,76%,0,0,0,0,0,0,18
Jhon Solis,10,361,1,0,0,0,3,1,33%,2,1,50%,0,1,4,3,4,3,0,0,0,0,0,0,0,0,0,0,1,0,4,2,91%,0,1,0,0,0,0,5
Joan Garcia,20,1800,0,0,72,32,1,1,100%,0,0,0%,0,0,1,0,0,0,0,0,2,0,0,0,0,0,1,0,0,2,0,0,68%,0,4,0,0,0,0,13
Joan Jordan,12,642,2,2,0,0,9,3,33%,48,8,17%,0,10,8,10,5,10,0,0,1,0,0,0,1,1,0,0,0,0,3,10,77%,24,26,0,3,0,0,8
Jofre Carreras,19,1233,2,3,0,0,29,7,24%,23,7,30%,0,14,35,16,9,8,0,0,5,0,0,0,0,0,0,0,0,0,17,14,74%,0,0,0,0,0,0,12
Johan Mojica,19,1481,1,1,0,0,7,2,29%,72,25,35%,0,8,11,12,20,14,0,0,4,0,2,0,0,0,0,0,2,1,16,22,79%,0,6,1,2,1,0,35
John Patrick Finn,4,47,0,0,0,0,2,0,0%,0,0,0%,1,0,2,1,0,0,0,0,1,0,0,0,0,0,0,0,1,0,2,0,80%,0,0,0,0,0,0,1
Johnny Cardoso,13,925,0,1,0,0,6,0,0%,2,0,0%,0,0,16,16,24,15,0,0,3,0,0,0,0,0,0,0,6,0,7,4,85%,0,0,0,0,0,0,33
Jon Ander Olasagasti,9,215,0,0,0,0,4,0,0%,6,1,17%,0,0,1,5,3,3,0,0,0,0,0,0,0,0,0,0,1,0,1,2,81%,1,0,0,0,0,0,2
Jon Aramburu,17,1287,0,0,0,0,5,2,40%,26,7,27%,0,5,14,24,18,38,0,0,5,0,1,0,0,0,0,0,4,0,5,10,81%,0,3,0,0,0,0,47
Jon Guridi,18,1196,2,0,0,0,12,6,50%,11,4,36%,0,2,10,19,9,11,0,0,4,0,1,0,1,1,0,0,0,0,2,12,80%,4,1,0,0,0,0,5
Jon Magunazelaia,2,7,0,0,0,0,0,0,0%,0,0,0%,0,0,1,1,0,1,0,0,0,0,0,0,0,0,0,0,0,0,0,0,54%,0,0,0,0,0,0,0
Jon Martin,3,135,0,0,0,0,3,0,0%,0,0,0%,0,1,0,7,5,1,0,0,1,0,0,0,0,0,0,0,1,0,0,0,79%,0,0,0,0,0,0,6
Jon Moncayola,18,1168,0,0,0,0,14,4,29%,66,21,32%,0,4,6,21,9,19,0,0,6,0,0,0,0,0,0,0,1,0,3,20,78%,21,15,2,0,0,0,13
Jon Pacheco,10,539,0,0,0,0,1,0,0%,0,0,0%,0,1,3,15,6,6,0,0,3,0,0,0,0,0,0,0,6,0,0,0,85%,0,1,0,0,0,0,25
Jonathan Bamba,12,811,0,1,0,0,13,6,46%,25,8,32%,0,5,17,7,5,7,0,0,1,0,0,0,0,0,0,0,0,0,15,12,83%,0,0,0,0,0,0,5
Jorge de Frutos,20,1384,4,2,0,0,27,9,33%,42,11,26%,0,17,15,23,11,11,0,0,1,0,0,0,0,0,0,0,0,0,19,20,74%,0,0,0,0,0,0,9
Jorge Herrando,8,555,0,0,0,0,2,1,50%,0,0,0%,0,0,1,4,1,3,1,0,2,0,0,0,0,0,0,0,6,0,0,0,80%,0,1,0,0,0,0,26
Jorge Saenz,11,715,1,0,0,0,1,1,100%,0,0,0%,0,0,6,15,13,13,0,0,2,1,1,0,0,0,0,0,6,0,0,2,83%,0,1,0,0,0,0,63
Jose Angel Carmona,19,1660,0,0,0,0,12,3,25%,18,4,22%,0,4,27,23,42,32,0,0,4,0,0,0,0,0,0,0,6,0,10,8,83%,0,1,0,0,0,0,46
Jose Arnaiz,6,45,0,0,0,0,1,0,0%,4,1,25%,0,0,5,0,1,3,0,0,0,0,0,0,0,0,0,0,0,0,0,1,65%,0,0,0,1,0,0,1
Jose Campana,13,719,0,2,0,0,3,1,33%,16,5,31%,0,2,17,4,15,11,0,0,3,0,1,0,0,0,0,0,0,0,6,8,89%,10,5,0,2,1,0,12
Jose Gaya,7,481,0,1,0,0,0,0,0%,22,5,23%,0,3,8,8,10,11,0,0,1,0,0,0,0,0,0,0,0,0,2,6,77%,0,0,0,0,0,0,14
Jose Gragera,10,569,0,0,0,0,2,0,0%,0,0,0%,0,0,8,18,5,16,0,0,0,0,0,0,0,0,0,0,1,0,0,1,88%,0,1,0,0,0,0,13
Jose Manuel Copete,13,565,0,0,0,0,4,2,50%,3,0,0%,0,2,5,11,4,6,1,0,3,0,0,0,0,0,0,0,4,0,1,0,86%,0,1,0,0,0,0,42
Jose Maria Gimenez,16,1249,0,0,0,0,4,1,25%,0,0,0%,0,0,7,8,16,11,0,0,2,0,0,0,0,0,0,1,12,0,1,0,91%,0,4,0,0,0,0,64
Joseph Aidoo,1,2,0,0,0,0,0,0,0%,0,0,0%,0,0,0,0,0,0,0,0,0,0,0,0,0,0,0,0,0,0,0,0,86%,0,0,0,0,0,0,0
Juan Bernat,10,212,0,1,0,0,2,1,50%,9,2,22%,0,2,2,0,1,7,0,0,0,0,0,0,0,0,0,0,1,0,3,4,82%,2,0,0,0,0,0,4
Juan Berrocal,9,617,0,0,0,0,2,0,0%,0,0,0%,0,0,1,11,8,4,0,0,4,1,1,0,0,0,0,0,1,0,0,0,76%,0,0,0,0,0,0,30
Juan Cruz,12,700,0,0,0,0,3,0,0%,7,2,29%,0,1,1,7,4,6,0,0,1,0,0,0,0,0,0,0,1,0,1,1,79%,0,2,0,0,0,0,20
Juan Cruz,19,1165,4,1,0,0,23,10,43%,60,15,25%,1,7,13,7,8,5,0,0,1,0,0,0,0,0,0,0,2,0,27,13,73%,11,12,2,1,0,0,14
Juan Foyth,4,182,0,0,0,0,1,1,100%,0,0,0%,0,0,0,3,2,1,0,0,1,0,0,0,0,0,0,0,1,0,0,1,84%,0,1,0,0,0,0,16
Juan Iglesias,20,1517,0,0,0,0,9,1,11%,54,12,22%,0,9,20,24,31,29,0,0,2,0,0,0,0,0,0,0,3,0,9,12,60%,0,3,0,0,0,0,69
Juan Miguel Latasa,13,537,0,0,0,0,13,1,8%,2,0,0%,0,1,15,22,0,0,0,0,4,1,0,0,0,0,0,0,1,1,3,4,55%,0,0,0,0,0,0,6
Juan Musso,1,90,0,0,1,0,0,0,0%,0,0,0%,0,0,1,0,0,0,0,0,0,0,0,0,0,0,0,0,0,0,0,0,78%,0,0,0,0,0,0,0
Juan Soriano,6,540,0,0,19,7,0,0,0%,0,0,0%,0,1,3,0,0,1,1,0,1,1,0,0,0,0,0,1,0,0,0,0,48%,0,1,0,0,0,0,3
Juanlu Sanchez,15,674,2,2,0,0,7,2,29%,15,2,13%,0,5,4,4,8,10,0,0,3,1,0,0,0,0,0,0,0,0,2,8,85%,0,0,0,0,0,0,6
Juanma Herzog,8,557,0,0,0,0,2,0,0%,0,0,0%,0,0,4,1,8,6,0,0,0,0,0,0,0,0,0,0,3,0,0,0,86%,0,0,0,0,0,0,30
Juanmi Jimenez,10,218,0,0,0,0,5,1,20%,1,0,0%,0,0,7,5,1,4,0,0,2,0,0,0,0,0,0,0,0,0,4,4,84%,0,0,0,0,0,0,3
Juanpe Ramirez,5,326,0,0,0,0,0,0,0%,1,0,0%,0,0,2,1,4,4,0,0,1,0,0,0,0,0,0,0,3,0,0,2,92%,0,3,0,0,0,0,23
Jude Bellingham,16,1326,7,5,0,0,27,12,44%,10,0,0%,1,6,35,15,16,19,0,0,2,0,0,0,2,1,0,0,2,0,20,19,88%,0,2,0,0,0,0,13
Julen Agirrezabala,14,1206,0,0,25,9,0,0,0%,0,0,0%,0,0,1,3,0,0,0,0,1,1,2,0,0,0,1,0,0,0,0,0,65%,0,0,0,0,0,0,6
Jules Kounde,20,1615,2,3,0,0,14,5,36%,43,7,16%,0,10,10,15,11,30,0,0,2,0,0,0,0,0,0,0,3,1,14,22,87%,0,5,0,0,0,0,38
Julian Alvarez,20,1276,6,2,0,0,35,17,49%,15,5,33%,2,8,2,16,0,4,0,0,3,0,0,0,0,0,0,0,0,0,13,17,77%,3,1,1,0,0,0,7
Julian Chicco,7,182,0,0,0,0,1,0,0%,1,1,100%,0,0,3,1,2,4,0,0,0,0,0,0,0,0,0,0,0,0,2,1,79%,0,0,0,0,0,0,1
Justin Smith,5,209,0,0,0,0,0,0,0%,1,0,0%,0,0,2,5,4,3,0,0,0,0,0,0,0,0,0,0,1,0,1,1,68%,0,0,0,0,0,0,1
Karl Hein,20,1800,0,0,63,39,0,0,0%,0,0,0%,0,0,2,0,0,0,0,0,0,0,0,0,0,0,0,0,0,0,0,0,70%,0,1,0,0,0,0,15
Kelechi Iheanacho,9,399,0,0,0,0,9,2,22%,0,0,0%,0,1,1,5,0,0,0,0,0,0,0,0,0,0,0,0,0,0,2,5,75%,0,0,0,0,0,0,1
Kenedy,2,8,0,0,0,0,1,0,0%,0,0,0%,0,0,0,0,0,0,0,0,0,0,0,0,0,0,0,0,0,0,0,0,50%,0,0,0,0,0,0,0
Kike Barja,4,85,0,0,0,0,2,1,50%,7,0,0%,0,2,3,2,2,1,0,0,1,0,0,0,0,0,0,0,0,0,2,0,56%,1,1,0,0,0,0,0
Kike Garcia,19,1193,8,0,0,0,31,14,45%,6,1,17%,0,5,30,32,0,8,0,0,4,1,0,1,1,1,0,0,1,0,8,9,68%,0,0,0,0,0,0,10
Kike Perez,18,1162,2,0,0,0,20,5,25%,33,8,24%,0,5,21,32,7,25,0,0,6,0,0,0,0,0,0,0,3,0,8,16,82%,12,22,5,1,1,0,16
Kike Salas,15,919,0,2,0,0,6,0,0%,4,2,50%,0,2,3,10,18,11,0,0,3,0,0,0,0,0,0,0,7,0,1,5,79%,0,1,0,0,0,0,40
Kiko Femenia,18,1545,0,1,0,0,3,0,0%,37,14,38%,0,5,10,10,25,21,0,0,5,0,0,0,0,0,0,0,8,0,15,12,91%,0,5,0,0,0,0,29
Kirian Rodriguez,19,1613,0,3,0,0,19,8,42%,15,1,7%,0,4,15,8,9,17,0,0,2,0,0,0,0,0,0,0,4,0,11,15,87%,3,4,0,0,0,0,19
Koke Resurreccion,19,1178,1,1,0,0,7,3,43%,9,3,33%,0,2,10,16,14,20,0,0,4,0,0,0,0,0,0,1,0,0,8,7,88%,0,0,0,0,0,0,19
Kylian Mbappe,18,1548,12,2,0,0,80,42,53%,19,4,21%,1,26,17,13,0,2,0,0,2,0,0,1,5,4,0,0,0,0,41,26,86%,0,0,0,1,0,0,0
Ladislav Krejci,12,1000,2,0,0,0,8,4,50%,6,1,17%,0,1,5,11,15,6,2,0,6,0,0,1,0,0,0,0,8,0,0,3,90%,0,1,0,0,0,0,35
Lamine Yamal,17,1373,5,9,0,0,61,20,33%,41,8,20%,2,17,32,12,9,16,0,0,1,0,0,2,0,0,0,0,0,0,53,29,78%,0,1,0,0,0,0,3
Leandro Cabrera,16,1350,2,1,0,0,9,3,33%,11,2,18%,1,1,4,10,16,13,0,0,2,0,0,0,0,0,0,0,7,0,1,6,75%,0,9,0,0,0,0,77
Leo Roman,5,450,0,0,18,7,0,0,0%,0,0,0%,0,0,0,0,0,0,0,0,0,0,0,0,0,0,0,0,0,0,1,0,57%,0,0,0,0,0,0,1
Logan Costa,15,1231,2,0,0,0,7,4,57%,1,0,0%,0,0,2,7,8,11,0,0,2,0,2,1,0,0,0,0,6,0,0,0,88%,0,1,0,0,0,0,45
Loic Bade,16,1371,0,1,0,0,5,2,40%,3,0,0%,0,2,2,13,14,19,2,0,4,0,0,0,0,0,0,0,7,0,9,2,86%,0,2,0,0,0,0,66
Lorenzo Aguado,1,4,0,0,0,0,0,0,0%,0,0,0%,0,0,0,0,0,0,0,0,0,0,0,0,0,0,0,0,0,0,0,0,0%,0,0,0,0,0,0,2
Luca de la Torre,1,4,0,0,0,0,0,0,0%,0,0,0%,0,0,0,1,0,0,0,0,0,0,0,0,0,0,0,0,0,0,0,0,80%,0,0,0,0,0,0,0
Lucas Ocampos,2,175,0,1,0,0,4,2,50%,4,1,25%,0,0,2,3,0,2,0,0,0,0,0,0,0,0,0,0,0,0,2,3,73%,1,0,0,0,0,0,1
Lucas Rosa,19,1710,0,1,0,0,7,3,43%,34,5,15%,0,11,17,33,26,32,0,0,5,0,0,0,0,0,0,0,9,1,12,12,79%,0,3,0,0,0,0,42
Lucas Torro,19,1640,3,0,0,0,13,5,38%,1,0,0%,0,3,24,48,26,25,0,0,6,0,1,0,0,0,0,0,4,2,4,4,76%,0,5,0,0,0,0,38
Lucas Vazquez,17,1055,1,3,0,0,6,2,33%,35,6,17%,0,10,13,14,6,19,0,0,3,0,0,0,0,0,0,0,1,0,11,16,90%,9,1,0,0,0,0,13
Lucien Agoume,18,1016,0,0,0,0,5,0,0%,4,0,0%,0,3,3,22,19,8,0,0,4,1,1,0,0,0,0,0,6,0,11,7,82%,0,2,0,0,0,0,13
Luis Milla,20,1784,1,2,0,0,23,4,17%,125,32,26%,0,12,32,27,15,26,0,0,2,0,1,0,1,1,0,0,0,0,14,42,82%,59,61,8,3,0,0,17
Luis Perez,19,1670,0,0,0,0,3,1,33%,72,23,32%,0,11,17,11,20,21,0,0,2,0,1,0,0,0,0,0,5,0,3,18,79%,0,3,0,0,0,0,45
Luis Rioja,20,1585,4,0,0,0,14,6,43%,130,21,16%,2,14,21,9,15,14,0,0,3,0,0,0,2,2,0,0,0,0,21,18,77%,21,14,0,0,0,0,18
Luiz Junior,6,468,0,0,9,6,0,0,0%,0,0,0%,0,0,1,0,0,0,0,0,0,0,0,0,0,0,0,0,0,0,0,0,70%,0,0,0,0,0,0,6
Luka Modric,19,843,1,3,0,0,10,3,30%,49,19,39%,0,4,8,13,11,4,0,0,5,0,0,0,0,0,0,0,1,0,4,31,91%,30,12,3,1,0,0,5
Luka Romero,6,199,0,0,0,0,2,0,0%,10,3,30%,0,1,3,3,1,4,0,0,0,0,0,1,1,0,0,0,0,0,1,4,79%,3,1,0,0,0,0,0
Luka Sucic,16,1172,1,1,0,0,29,8,28%,10,1,10%,2,7,14,10,11,13,0,0,1,0,0,0,0,0,0,0,2,0,17,15,85%,0,0,0,0,0,0,10
Malcom Adu Ares,1,19,0,0,0,0,0,0,0%,1,0,0%,0,0,0,0,0,0,0,0,0,0,0,0,0,0,0,0,0,0,0,0,63%,0,0,0,0,0,0,0
Mamadou Sylla,14,756,2,1,0,0,13,3,23%,4,0,0%,0,3,14,7,1,1,0,0,1,0,0,1,2,2,0,0,0,0,2,7,65%,0,0,0,0,0,0,9
Manu Bueno,2,74,1,0,0,0,3,1,33%,0,0,0%,0,0,1,0,0,3,0,0,0,0,0,0,0,0,0,0,0,0,1,0,88%,0,0,0,0,0,0,2
Manu Sanchez,16,1302,0,0,0,0,5,0,0%,38,9,24%,0,6,9,26,16,27,0,0,5,0,1,0,0,0,0,0,2,0,3,6,69%,3,5,0,0,0,0,24
Manuel Fuster,14,423,1,0,0,0,10,3,30%,20,5,25%,0,4,16,6,1,3,0,0,0,0,0,0,0,0,0,0,1,0,3,14,88%,7,3,0,0,0,0,6
Manuel Morlanes,16,1033,0,0,0,0,9,0,0%,7,3,43%,0,2,10,11,23,21,0,0,5,0,0,0,0,0,0,0,7,0,1,6,89%,1,1,0,0,0,0,15
Marash Kumbulla,18,1462,1,0,0,0,5,2,40%,3,2,67%,0,0,21,22,15,14,0,0,6,0,0,0,0,0,0,0,20,0,1,1,86%,0,3,0,0,0,0,89
Marc Bartra,12,1016,2,0,0,0,9,4,44%,0,0,0%,0,0,10,7,24,10,0,0,1,0,1,0,0,0,0,0,8,0,4,0,79%,0,4,0,1,0,0,71
Marc Bernal,3,242,0,0,0,0,2,1,50%,0,0,0%,0,0,3,4,1,6,0,0,2,0,0,0,0,0,0,0,1,0,2,1,93%,0,0,0,0,0,0,4
Marc Cardona,7,89,0,0,0,0,2,0,0%,0,0,0%,0,0,2,1,0,0,0,0,1,0,0,0,0,0,0,0,0,0,0,0,88%,0,0,0,0,0,0,0
Marc Casado,17,1227,0,3,0,0,11,0,0%,6,0,0%,0,3,30,19,17,19,0,0,4,1,0,0,0,0,0,0,5,1,2,7,89%,0,0,0,0,0,0,12
Marc Domenech,3,115,0,0,0,0,3,1,33%,2,1,50%,0,2,0,3,0,0,0,0,0,0,0,0,0,0,0,0,0,0,1,1,75%,0,0,0,0,0,0,0
Marc Roca,10,749,0,1,0,0,8,0,0%,7,4,57%,0,1,5,15,8,9,0,0,3,0,0,0,0,0,0,0,5,0,4,11,88%,1,1,1,1,0,0,8
Marc-Andre ter Stegen,6,497,0,0,11,5,0,0,0%,0,0,0%,0,0,2,0,0,0,0,0,0,0,0,0,0,0,0,0,0,0,0,0,90%,0,1,0,0,0,0,2
Marcao,10,455,0,0,0,0,0,0,0%,0,0,0%,0,0,9,7,6,6,0,0,4,1,1,0,0,0,0,0,6,0,0,0,88%,0,1,0,0,0,0,26
Marcos Alonso,15,1264,0,0,0,0,13,5,38%,17,3,18%,0,1,11,12,15,9,0,0,5,1,0,0,0,0,0,0,4,1,6,8,89%,8,6,0,4,1,0,58
Marcos Andre,13,699,1,1,0,0,10,1,10%,0,0,0%,0,2,20,9,2,3,0,0,4,0,0,0,0,0,0,0,1,0,10,6,63%,0,0,0,0,0,0,5
Marcos Llorente,15,1039,2,2,0,0,9,4,44%,31,11,35%,1,7,9,9,10,19,1,0,0,1,0,0,0,0,0,0,1,0,5,12,86%,0,0,0,0,0,0,22
Mario Maroto,1,19,0,1,0,0,0,0,0%,0,0,0%,0,0,0,0,2,0,0,0,0,0,0,0,0,0,0,0,0,0,1,1,73%,0,0,0,0,0,0,1
Mario Martin,17,1012,0,1,0,0,13,6,46%,3,0,0%,0,2,30,25,12,16,0,0,3,1,0,0,0,0,0,0,4,1,12,5,86%,0,2,0,0,0,0,31
Marko Dmitrovic,14,1260,0,0,51,22,0,0,0%,0,0,0%,0,1,5,0,0,0,0,0,0,0,0,0,0,0,0,0,0,1,0,0,42%,0,3,0,0,0,0,17
Martin Tejon,4,49,0,0,0,0,1,1,100%,1,0,0%,0,1,1,1,0,1,0,0,0,0,0,0,0,0,0,0,0,0,2,1,79%,0,0,0,0,0,0,0
Martin Valjent,16,1413,0,0,0,0,3,1,33%,2,0,0%,0,1,6,8,13,9,0,0,3,0,0,0,0,0,0,0,6,0,3,0,86%,0,8,0,0,0,0,83
Martin Zubimendi,19,1624,1,1,0,0,12,5,42%,6,1,17%,0,7,15,27,24,28,0,0,4,0,0,1,0,0,0,0,9,0,15,12,85%,0,5,0,0,0,0,40
Marvin Park,10,542,0,0,0,0,1,0,0%,22,4,18%,0,5,11,10,5,5,0,0,3,0,1,0,0,0,0,0,3,0,1,2,80%,0,2,0,0,0,0,12
Mateo Flores,5,142,0,0,0,0,0,0,0%,1,1,100%,0,0,1,3,2,2,0,0,1,0,0,0,0,0,0,0,0,0,0,0,79%,0,0,0,0,0,0,3
Mateo Mejia,1,11,0,0,0,0,0,0,0%,0,0,0%,0,0,1,0,0,0,0,0,0,0,0,0,0,0,0,0,0,0,0,0,0%,0,0,0,0,0,0,0
Mateu Morey,5,309,0,0,0,0,0,0,0%,13,1,8%,0,1,5,8,9,6,0,0,1,0,0,0,0,0,0,0,0,1,4,2,82%,0,0,0,0,0,0,8
Matija Nastasic,15,1208,1,0,0,0,2,1,50%,0,0,0%,0,0,3,11,13,8,1,0,2,0,2,0,0,0,0,0,19,0,1,0,83%,0,5,0,0,0,0,92
Mauro Arambarri,19,1281,5,0,0,0,26,9,35%,8,0,0%,1,4,21,21,5,9,0,0,6,0,0,0,2,2,0,0,2,0,9,8,72%,1,0,0,1,1,1,20
Maximiliano Caufriez,1,90,0,0,0,0,0,0,0%,0,0,0%,0,0,0,3,1,1,0,0,0,0,1,0,0,0,0,0,1,0,0,0,79%,0,1,0,0,0,0,4
Miguel de la Fuente,19,1273,1,3,0,0,24,12,50%,7,1,14%,0,4,23,19,3,4,0,0,3,0,0,0,1,1,0,0,2,1,8,5,56%,0,0,0,0,0,0,15
Miguel Gutierrez,18,1553,1,4,0,0,19,8,42%,98,25,26%,0,13,15,12,13,16,0,0,2,0,0,0,0,0,0,0,3,0,20,28,90%,14,12,3,1,0,0,20
Mihailo Ristic,4,128,0,0,0,0,0,0,0%,3,0,0%,0,0,1,4,0,3,0,0,0,0,0,0,0,0,0,0,0,0,2,0,82%,0,0,0,0,0,0,4
Mika Marmol,14,1052,0,0,0,0,6,0,0%,20,6,30%,0,4,3,17,20,12,0,0,2,0,1,0,0,0,0,0,9,0,5,6,82%,0,2,0,0,0,0,38
Mikel Jauregizar,17,1015,1,0,0,0,9,1,11%,16,3,19%,0,3,17,27,14,18,0,0,3,1,0,0,0,0,0,0,1,0,10,12,85%,4,5,0,0,0,0,13
Mikel Oyarzabal,18,1199,4,2,0,0,24,8,33%,5,2,40%,1,10,12,9,1,8,0,0,3,1,0,1,2,2,0,0,0,0,2,6,71%,0,0,0,0,0,0,7
Mikel Vesga,13,403,0,0,0,0,1,0,0%,2,0,0%,0,1,0,6,7,6,0,0,1,0,0,0,0,0,0,0,0,0,2,7,82%,0,0,0,0,0,0,5
Min Su Kim,3,21,0,0,0,0,0,0,0%,0,0,0%,0,1,1,0,0,0,0,0,0,0,0,0,0,0,0,0,0,0,0,0,90%,0,0,0,0,0,0,0
Moi Gomez,15,504,0,0,0,0,2,0,0%,14,5,36%,0,2,5,9,5,6,0,0,1,0,0,0,0,0,0,1,1,1,7,4,81%,2,3,0,0,0,0,4
Moussa Diarra,15,1119,0,0,0,0,1,0,0%,12,3,25%,0,1,14,16,11,15,0,0,3,0,0,1,0,0,0,0,2,1,4,1,83%,0,2,0,0,0,0,20
Munir El Haddadi,11,430,1,0,0,0,6,3,50%,7,0,0%,0,2,16,9,0,8,0,0,1,0,0,0,0,0,0,0,1,0,1,2,73%,1,2,0,1,0,0,1
Nabil Aberdin,7,262,0,0,0,0,2,0,0%,0,0,0%,0,1,6,7,0,4,0,0,1,0,0,0,0,0,0,0,0,0,2,1,60%,0,0,0,0,0,0,6
Nabil Fekir,2,180,0,1,0,0,7,1,14%,10,5,50%,0,3,7,3,0,2,0,0,0,0,0,0,0,0,0,0,0,0,0,6,86%,6,0,0,0,0,0,0
Nacho Vidal,5,124,0,0,0,0,0,0,0%,2,0,0%,0,1,1,2,0,0,0,0,0,0,0,0,0,0,0,0,0,0,2,0,77%,0,0,0,0,0,0,6
Naci Unuvar,2,31,0,0,0,0,1,0,0%,2,1,50%,0,0,1,0,0,2,0,0,0,0,0,0,0,0,0,0,0,0,0,1,75%,0,0,0,0,0,0,0
Nahuel Molina,14,918,0,3,0,0,5,1,20%,35,8,23%,0,5,2,6,9,10,0,0,0,0,0,0,0,0,0,0,0,0,9,9,80%,9,2,1,0,0,0,21
Nahuel Tenaglia,17,1471,1,1,0,0,11,3,27%,36,4,11%,0,9,24,19,22,28,2,0,6,0,0,0,0,0,0,0,2,0,8,9,72%,0,2,0,0,0,0,49
Natan,15,958,0,0,0,0,7,2,29%,2,1,50%,0,2,5,9,13,13,0,0,2,1,0,0,0,0,0,0,6,0,0,3,89%,0,1,0,0,0,0,51
Nayef Aguerd,15,1279,0,0,0,0,11,4,36%,0,0,0%,1,2,17,8,10,19,0,0,3,0,0,0,0,0,0,0,10,0,3,4,89%,0,5,0,0,0,0,56
Nemanja Gudelj,18,1530,0,1,0,0,10,3,30%,29,11,38%,0,5,11,16,19,13,1,0,3,0,0,0,0,0,0,0,5,0,3,11,87%,18,12,4,2,1,0,48
Nico Serrano,3,103,0,0,0,0,4,0,0%,8,1,13%,0,3,2,1,1,1,0,0,0,0,0,0,0,0,0,0,0,0,3,1,78%,1,2,0,0,0,0,1
Nico Williams,18,1327,1,3,0,0,33,11,33%,74,20,27%,1,22,23,13,5,15,0,0,1,0,0,0,0,0,0,0,0,0,39,30,78%,19,3,0,1,1,0,1
Nicolas Pepe,12,588,1,2,0,0,23,10,43%,9,1,11%,3,6,7,6,3,1,0,0,1,0,0,1,0,0,0,0,1,0,12,7,84%,2,2,0,1,0,0,3
Oihan Sancet,16,1013,7,1,0,0,23,10,43%,14,2,14%,1,6,16,10,5,6,0,0,2,0,0,0,1,1,0,0,0,0,15,12,84%,0,0,0,0,0,0,4
Oliver McBurnie,16,754,0,3,0,0,11,4,36%,1,1,100%,0,4,10,13,4,4,0,0,0,0,0,0,0,0,0,0,1,0,8,13,68%,0,0,0,0,0,0,9
Omar Alderete,19,1696,0,0,0,0,20,6,30%,4,1,25%,1,5,6,18,23,17,0,0,4,0,1,0,0,0,0,0,17,0,7,10,70%,0,17,0,3,2,0,96
Omar El Hilali,19,1658,0,1,0,0,1,0,0%,24,3,13%,0,4,15,31,18,39,0,0,7,0,1,0,0,0,0,0,6,0,10,4,80%,0,9,0,0,0,0,67
Omar Mascarell,17,1002,0,0,0,0,3,1,33%,1,0,0%,0,1,8,15,27,7,0,0,3,0,0,0,0,0,0,0,10,1,5,2,87%,0,0,0,0,0,0,33
Oriol Romeu,14,878,0,0,0,0,2,0,0%,5,2,40%,0,1,12,23,6,16,0,0,5,0,1,0,0,0,0,0,4,0,2,4,91%,0,0,0,0,0,0,10
Orjan Nyland,13,1143,0,0,36,17,0,0,0%,0,0,0%,0,1,0,0,0,1,1,0,1,0,0,0,0,0,0,0,0,0,0,3,58%,0,0,0,0,0,0,9
Orri Steinn Oskarsson,13,455,2,0,0,0,11,4,36%,1,1,100%,0,4,1,3,1,4,0,0,0,0,0,0,0,0,0,0,0,0,0,2,55%,0,0,0,0,0,0,7
Oscar De Marcos,16,1004,0,4,0,0,2,0,0%,34,8,24%,0,6,5,10,10,12,1,0,0,0,0,0,0,0,0,0,1,0,1,12,78%,0,0,0,0,0,0,22
Oscar Mingueza,19,1506,2,5,0,0,16,4,25%,70,12,17%,0,8,11,14,11,12,0,0,3,1,0,1,0,0,0,0,4,0,19,20,79%,4,12,1,6,3,1,20
Oscar Rodriguez,13,672,1,3,0,0,14,4,29%,21,5,24%,1,6,11,10,10,8,0,0,3,1,0,1,0,0,0,0,1,0,13,9,73%,12,10,0,5,1,0,9
Oscar Trejo,8,243,0,0,0,0,2,0,0%,4,1,25%,0,0,5,8,1,4,0,0,1,0,0,0,0,0,0,0,0,0,4,5,87%,1,0,0,0,0,0,2
Oscar Valentin,20,1306,0,0,0,0,3,1,33%,2,1,50%,0,0,24,38,21,34,0,0,2,0,0,0,0,0,0,0,4,0,4,5,80%,0,1,0,0,0,0,40
Pablo Barrios,15,1212,0,2,0,0,16,4,25%,17,2,12%,0,1,13,16,19,16,0,0,3,0,0,0,0,0,0,0,1,0,11,14,88%,0,0,0,0,0,0,19
Pablo Duran,10,454,2,1,0,0,9,2,22%,7,2,29%,2,5,7,12,4,3,0,0,2,0,0,0,0,0,0,0,1,0,2,6,77%,1,0,0,0,0,0,3
Pablo Fornals,15,1053,1,0,0,0,16,3,19%,46,14,30%,0,10,7,9,14,7,0,0,2,0,0,0,0,0,0,0,0,0,4,24,81%,12,7,2,0,0,0,7
Pablo Gavi,11,321,0,1,0,0,2,0,0%,5,1,20%,0,0,6,15,6,6,0,0,1,0,0,0,0,0,0,0,1,0,2,5,85%,0,0,0,0,0,0,2
Pablo Ibanez,16,672,0,1,0,0,13,3,23%,4,1,25%,0,1,11,13,12,5,0,0,2,0,0,0,0,0,0,0,5,0,6,1,77%,0,0,0,0,0,0,15
Pablo Maffeo,15,1141,0,1,0,0,4,1,25%,44,18,41%,0,4,18,8,12,16,0,0,2,0,0,0,0,0,0,0,6,1,21,17,73%,0,2,1,0,0,0,30
Pablo Marin,6,97,0,0,0,0,0,0,0%,1,0,0%,0,0,2,5,0,3,0,0,0,0,0,0,0,0,0,0,0,0,4,2,66%,0,0,0,0,0,0,3
Pablo Torre,7,248,3,1,0,0,3,3,100%,9,3,33%,0,2,6,4,1,4,0,0,0,0,0,0,0,0,0,0,0,0,2,5,85%,6,2,0,1,1,1,3
Papa Dame Ba,1,48,0,0,0,0,1,0,0%,1,0,0%,0,0,4,1,0,1,0,0,0,0,0,0,0,0,0,0,0,0,1,0,42%,0,0,0,0,0,0,0
Pape Gueye,18,1235,0,0,0,0,29,8,28%,12,3,25%,1,7,40,21,13,17,0,0,5,1,0,0,0,0,0,0,2,0,4,10,81%,0,4,0,0,0,0,24
Pathe Ciss,16,799,1,1,0,0,11,1,9%,2,0,0%,0,2,14,22,11,11,0,0,5,0,0,0,0,0,0,0,5,0,7,11,83%,0,0,0,0,0,0,27
Pau Cabanes,9,161,1,0,0,0,4,2,50%,6,0,0%,0,4,7,4,3,4,0,0,0,0,0,1,0,0,0,0,0,0,5,4,78%,0,0,0,0,0,0,1
Pau Cubarsi,20,1580,0,1,0,0,7,0,0%,2,1,50%,0,3,8,13,11,13,2,0,3,0,1,0,0,0,0,0,5,0,4,7,93%,0,0,0,0,0,0,43
Pau Navarro,7,337,0,0,0,0,0,0,0%,3,0,0%,0,0,3,6,1,6,0,0,0,0,0,0,0,0,0,0,3,0,1,0,90%,0,1,0,0,0,0,12
Pau Victor,13,190,2,1,0,0,8,4,50%,2,0,0%,0,2,3,5,2,1,0,0,2,0,0,0,0,0,0,0,1,0,7,4,77%,0,0,0,0,0,0,3
Paulo Gazzaniga,20,1800,0,0,40,27,0,0,0%,0,0,0%,0,0,3,1,0,1,0,0,3,0,0,0,0,0,3,0,0,1,3,0,81%,0,0,0,0,0,0,6
Pedri Gonzalez,20,1517,4,2,0,0,15,8,53%,25,7,28%,0,5,24,7,14,19,0,0,2,0,0,0,0,0,0,0,2,0,19,32,89%,8,4,2,0,0,0,8
Pedro Diaz,9,199,0,0,0,0,4,0,0%,6,2,33%,0,1,0,2,1,3,0,0,1,0,0,0,0,0,0,0,0,0,2,6,83%,4,2,1,0,0,0,2
Peio Canales,1,20,0,0,0,0,1,0,0%,1,0,0%,0,1,1,0,1,1,0,0,0,0,0,0,0,0,0,0,0,0,0,0,90%,0,0,0,0,0,0,1
Pejino,1,16,0,0,0,0,1,0,0%,1,0,0%,0,0,0,1,0,1,0,0,0,0,0,0,0,0,0,0,0,0,0,0,100%,0,0,0,0,0,0,0
Pep Chavarria,16,1110,0,1,0,0,4,1,25%,33,6,18%,0,11,12,7,16,15,1,0,1,0,0,0,0,0,0,0,7,0,3,4,81%,0,0,0,0,0,0,50
Pepelu,17,1109,1,2,0,0,9,4,44%,85,22,26%,0,9,10,15,7,14,0,0,5,1,0,0,1,1,0,0,6,0,4,24,84%,46,27,3,0,0,0,17
Peque,15,725,0,1,0,0,9,2,22%,7,1,14%,0,4,16,15,7,3,0,0,1,0,1,0,0,0,0,0,0,0,6,10,82%,1,0,0,0,0,0,3
Pere Milla,8,226,0,0,0,0,5,2,40%,9,2,22%,0,3,8,3,2,1,0,0,2,0,0,0,0,0,0,0,2,0,1,2,61%,3,5,0,1,0,0,1
Peter Gonzalez,12,335,0,0,0,0,6,1,17%,6,3,50%,1,0,9,6,1,4,0,0,0,0,0,0,0,0,0,0,0,0,2,3,76%,0,0,0,1,0,0,4
Pol Lozano,15,1039,0,0,0,0,2,1,50%,11,6,55%,0,1,9,29,11,23,0,0,7,0,0,0,0,0,0,0,2,0,2,11,85%,4,3,1,0,0,0,11
Rafa Mir,6,300,0,1,0,0,9,1,11%,3,1,33%,1,2,2,2,0,2,0,0,2,0,0,0,0,0,0,0,0,0,0,1,68%,0,0,0,0,0,0,5
Rafel Bauza,4,174,0,0,0,0,3,0,0%,0,0,0%,0,0,0,7,0,2,0,0,1,0,0,0,0,0,0,0,1,0,1,0,85%,0,1,0,0,0,0,4
Ramon Terrats,11,130,0,0,0,0,2,0,0%,5,1,20%,0,0,2,2,2,3,0,0,1,0,0,0,0,0,0,0,1,0,1,1,85%,0,1,0,0,0,0,3
Randy Nteka,15,645,1,0,0,0,8,3,38%,4,0,0%,0,2,8,21,3,5,0,0,3,0,0,0,0,0,0,0,1,0,3,8,64%,0,0,0,0,0,0,10
Raphinha,20,1676,11,6,0,0,66,27,41%,130,33,25%,3,38,25,4,5,15,0,0,2,0,0,2,1,1,0,0,2,0,36,63,78%,55,21,5,10,3,0,16
Raul Albiol,15,1188,0,0,0,0,2,0,0%,0,0,0%,0,0,6,11,6,9,0,0,4,0,2,0,0,0,0,1,9,0,0,0,90%,0,1,0,0,0,0,68
Raul Asencio,8,447,0,1,0,0,0,0,0%,0,0,0%,0,0,7,3,3,5,1,0,0,0,0,0,0,0,0,0,0,0,3,2,92%,0,0,0,0,0,0,27
Raul Chasco,2,130,0,0,0,0,0,0,0%,3,1,33%,0,1,0,3,2,1,0,0,0,0,0,0,0,0,0,0,0,0,0,1,65%,0,2,0,0,0,0,1
Raul Garcia,19,551,2,0,0,0,14,6,43%,4,1,25%,0,5,6,8,1,3,0,0,0,0,0,0,0,0,0,0,0,0,10,2,67%,0,0,0,0,0,0,2
Raul Moro,19,1306,3,1,0,0,23,7,30%,77,22,29%,1,16,13,3,9,8,0,0,1,0,0,0,0,0,0,0,0,0,35,27,74%,18,8,4,0,0,0,8
Reinildo Mandava,13,647,0,0,0,0,1,1,100%,3,0,0%,0,1,8,13,11,10,0,0,3,0,0,0,0,0,0,0,3,0,2,2,82%,0,0,0,0,0,0,22
Renato Tapia,18,1093,1,0,0,0,5,3,60%,10,0,0%,0,7,17,17,12,16,0,0,4,0,0,0,0,0,0,0,15,0,7,2,77%,0,1,0,0,0,0,45
Ricardo Rodriguez,8,463,0,0,0,0,0,0,0%,8,3,38%,0,3,2,3,4,9,0,0,0,0,0,0,0,0,0,0,0,0,3,2,81%,0,1,0,0,0,0,12
Robert Lewandowski,19,1556,16,2,0,0,66,31,47%,3,0,0%,5,11,24,17,2,3,0,0,1,0,0,0,3,2,0,0,2,0,14,18,74%,0,0,0,3,0,0,17
Robert Navarro,17,934,1,0,0,0,12,5,42%,21,2,10%,1,5,16,8,14,18,0,0,2,0,0,0,0,0,0,0,0,0,20,7,79%,4,1,0,0,0,0,5
Roberto Fernandez,1,28,1,0,0,0,1,1,100%,0,0,0%,0,0,0,2,0,0,0,0,0,0,0,0,0,0,0,0,0,0,1,1,67%,0,0,0,0,0,0,0
Roberto Lopez,11,374,0,1,0,0,5,0,0%,21,5,24%,0,1,3,1,1,5,0,0,0,0,0,0,0,0,0,0,0,1,2,9,83%,9,7,2,0,0,0,5
Robin Le Normand,11,833,0,0,0,0,4,0,0%,1,0,0%,0,0,8,17,3,8,0,0,3,0,0,0,0,0,0,0,3,0,1,2,89%,0,1,0,0,0,0,36
Rodri Sanchez,3,118,0,0,0,0,2,2,100%,6,4,67%,0,1,2,2,1,1,0,0,0,0,0,0,0,0,0,0,1,0,2,2,86%,3,0,0,0,0,0,1
Rodrigo Abajas,1,65,0,0,0,0,1,0,0%,1,0,0%,0,0,0,2,1,2,0,0,1,0,0,0,0,0,0,0,0,0,1,0,55%,0,0,0,0,0,0,0
Rodrigo De Paul,19,1074,3,3,0,0,10,3,30%,35,10,29%,0,6,17,7,4,9,0,0,4,0,0,0,0,0,0,0,1,1,7,20,83%,6,3,0,0,0,0,8
Rodrigo Riquelme,10,405,0,0,0,0,11,4,36%,21,2,10%,0,9,6,4,1,3,0,0,0,0,0,0,0,0,0,0,0,0,4,9,88%,6,2,0,0,0,0,2
Rodrygo Goes,17,1127,6,4,0,0,29,14,48%,46,14,30%,0,13,19,4,5,7,0,0,0,0,0,1,0,0,0,0,1,0,24,33,90%,30,7,3,1,0,0,3
Romain Perraud,18,1318,0,0,0,0,11,2,18%,49,5,10%,0,10,26,21,18,16,0,0,4,1,1,0,0,0,0,0,2,1,7,6,82%,0,3,0,0,0,0,39
Ronald Araujo,1,90,0,0,0,0,0,0,0%,0,0,0%,0,0,1,1,2,1,0,0,0,0,0,0,0,0,0,0,0,0,0,0,93%,0,0,0,0,0,0,2
Ruben Garcia,19,1170,2,3,0,0,11,4,36%,65,18,28%,0,5,16,14,10,21,0,0,1,0,0,0,0,0,0,0,1,0,6,19,81%,17,20,4,1,1,1,17
Ruben Pena,15,508,0,0,0,0,8,2,25%,27,2,7%,1,8,4,9,5,0,0,0,1,0,0,0,0,0,0,0,0,0,9,9,64%,3,0,0,0,0,0,8
Ruben Vargas,2,92,0,0,0,0,4,1,25%,3,1,33%,1,1,0,1,0,0,0,0,0,0,0,0,0,0,0,0,0,0,1,2,87%,0,1,1,0,0,0,0
Rui Silva,15,1350,0,0,37,18,0,0,0%,0,0,0%,0,0,2,1,0,0,0,0,1,0,1,0,0,0,0,0,0,0,0,2,76%,0,1,0,0,0,0,8
Samu Costa,17,1412,0,2,0,0,19,7,37%,9,4,44%,0,6,34,27,19,19,0,0,6,1,0,0,0,0,0,0,6,0,4,11,81%,0,0,0,1,1,0,43
Samuel Lino,16,802,1,2,0,0,23,8,35%,20,6,30%,2,7,12,8,5,5,0,0,2,0,0,0,0,0,0,0,1,0,13,12,82%,0,0,0,0,0,0,5
Sandro Ramirez,17,1137,7,3,0,0,25,13,52%,65,16,25%,1,11,20,17,12,12,0,0,4,0,1,1,0,0,0,0,0,1,11,14,73%,27,11,0,8,3,2,16
Santi Comesana,18,1325,2,2,0,0,11,2,18%,5,2,40%,0,1,15,23,13,26,0,0,5,0,0,0,0,0,0,0,9,0,7,16,88%,0,1,0,0,0,0,21
Santiago Mourino,11,635,0,0,0,0,3,2,67%,2,1,50%,0,0,7,10,10,11,0,0,1,0,0,0,0,0,0,0,0,0,2,4,81%,0,1,0,0,0,0,29
Saul Niguez,9,640,1,4,0,0,20,7,35%,7,1,14%,0,6,4,16,10,13,0,0,3,1,0,0,0,0,0,0,1,0,4,11,82%,1,0,0,1,1,0,9
Scott McKenna,16,1358,0,0,0,0,5,0,0%,1,0,0%,0,0,1,6,6,8,0,0,2,0,0,0,0,0,0,1,17,0,1,1,86%,0,0,0,0,0,0,88
Sebastien Haller,8,404,0,0,0,0,4,1,25%,0,0,0%,0,0,5,4,0,0,0,0,0,0,0,0,0,0,0,0,0,0,1,1,61%,0,0,0,0,0,0,7
Selim Amallah,13,743,2,1,0,0,17,6,35%,18,6,33%,0,4,15,18,7,8,0,0,2,0,0,0,1,1,0,0,0,0,19,6,81%,9,4,1,1,0,0,3
Sergi Altimira,17,1152,0,1,0,0,13,2,15%,3,0,0%,0,2,23,20,12,22,0,0,2,0,0,0,0,0,0,0,1,0,8,16,89%,0,1,0,0,0,0,22
Sergi Canos,14,343,0,0,0,0,10,3,30%,17,2,12%,0,6,6,11,6,6,0,0,3,0,0,0,0,0,0,0,1,0,1,3,61%,3,1,0,0,0,0,4
Sergi Cardona,19,1682,1,3,0,0,15,4,27%,66,17,26%,0,12,14,25,22,27,0,0,5,0,0,0,0,0,0,0,7,0,5,26,80%,0,5,0,0,0,0,50
Sergi Darder,20,1257,0,1,0,0,16,4,25%,76,28,37%,0,10,20,10,8,13,1,0,1,0,0,0,0,0,0,0,1,0,13,25,81%,30,30,1,1,1,0,12
Sergi Dominguez,3,172,0,0,0,0,0,0,0%,0,0,0%,0,0,0,2,4,1,0,0,1,0,1,0,0,0,0,0,0,0,0,0,95%,0,0,0,0,0,0,7
Sergi Gomez,11,651,0,0,0,0,2,1,50%,1,0,0%,0,0,1,6,7,5,0,0,1,0,0,0,0,0,0,0,8,0,0,0,89%,0,0,0,0,0,0,36
Sergi Guardiola,5,80,0,0,0,0,1,0,0%,0,0,0%,0,0,4,2,0,2,0,0,0,0,0,0,0,0,0,0,0,0,0,2,64%,0,0,0,0,0,0,2
Sergio Camello,20,1007,3,2,0,0,27,7,26%,5,1,20%,0,5,8,9,4,4,0,0,2,0,0,0,0,0,0,0,1,0,12,17,79%,0,0,0,0,0,0,16
Sergio Carreira,7,408,0,0,0,0,1,0,0%,17,6,35%,0,3,2,4,3,5,0,0,0,0,0,0,0,0,0,0,1,0,2,3,80%,0,0,0,0,0,0,10
Sergio Gomez,20,1521,0,4,0,0,9,6,67%,127,28,22%,0,18,8,17,10,30,0,0,2,0,1,0,0,0,0,0,1,0,12,30,85%,63,21,4,2,2,0,11
Sergio Gonzalez,20,1752,2,0,0,0,6,3,50%,1,0,0%,0,1,6,21,30,17,1,0,1,0,1,0,0,0,0,1,16,2,3,4,84%,0,6,0,0,0,0,108
Sergio Herrera,20,1800,0,0,71,29,0,0,0%,0,0,0%,0,0,2,0,0,1,1,0,3,0,0,0,0,0,0,0,0,1,0,0,66%,0,1,0,0,0,0,16
Seydouba Cisse,18,1313,2,0,0,0,11,2,18%,6,0,0%,0,2,19,24,7,17,0,0,3,0,0,1,0,0,0,0,1,0,19,8,84%,1,3,0,0,0,0,18
Sheraldo Becker,16,749,1,0,0,0,18,10,56%,44,7,16%,2,14,11,7,1,2,0,0,1,0,0,0,0,0,0,0,0,0,3,7,72%,0,0,0,0,0,0,8
Siebe Van Der Heyden,2,97,0,0,0,0,1,0,0%,2,1,50%,0,0,0,2,2,1,0,0,0,0,0,0,0,0,0,0,0,0,1,1,90%,0,0,0,0,0,0,3
Silvi Clua,4,163,0,0,0,0,2,1,50%,0,0,0%,0,1,0,5,2,6,0,0,0,0,0,0,0,0,0,0,0,0,2,1,81%,0,0,0,0,0,0,6
Stanis Idumbo Muzambo,8,232,1,0,0,0,3,1,33%,0,0,0%,0,1,4,1,4,5,0,0,0,0,0,0,0,0,0,0,1,0,8,4,82%,0,0,0,0,0,0,1
Stanko Juric,18,1210,0,0,0,0,4,1,25%,0,0,0%,0,1,7,28,14,16,0,0,5,0,0,0,0,0,0,0,6,0,5,3,85%,0,2,0,0,0,0,44
Stoichkov,16,699,0,1,0,0,18,3,17%,14,2,14%,1,9,16,9,1,8,0,0,1,0,0,0,0,0,0,0,0,0,6,7,65%,0,0,0,1,0,0,7
Stole Dimitrievski,4,360,0,0,6,6,0,0,0%,0,0,0%,0,0,0,0,0,0,0,0,1,0,0,0,0,0,0,0,0,0,0,0,39%,0,2,0,0,0,0,5
Suso Fernandez,6,142,0,0,0,0,5,1,20%,12,4,33%,0,2,4,0,0,0,0,0,0,0,0,0,0,0,0,0,0,0,7,6,88%,7,2,0,1,0,0,0
Tadeo Allende,1,2,0,0,0,0,0,0,0%,0,0,0%,0,0,0,0,0,0,0,0,1,0,0,0,0,0,0,0,0,0,0,0,33%,0,0,0,0,0,0,0
Takefusa Kubo,20,1299,4,0,0,0,23,9,39%,41,11,27%,0,22,33,12,7,12,0,0,3,0,0,0,0,0,0,0,1,0,38,24,77%,4,3,1,0,0,0,4
Takuma Asano,9,411,0,0,0,0,11,4,36%,13,0,0%,1,6,4,1,4,4,0,0,0,0,0,0,0,0,0,0,0,0,3,0,71%,0,0,0,0,0,0,3
Tanguy Nianzou,6,518,0,0,0,0,2,0,0%,0,0,0%,0,0,5,10,7,5,0,0,3,1,0,0,0,0,0,1,0,0,3,0,91%,0,1,0,0,0,0,26
Thiago Ojeda,1,8,0,0,0,0,1,0,0%,1,0,0%,0,0,0,1,0,0,0,0,1,0,0,0,0,0,0,0,0,0,0,0,100%,0,0,0,0,0,0,1
Thibaut Courtois,17,1530,0,0,35,16,0,0,0%,0,0,0%,0,0,0,0,1,0,0,0,0,0,0,0,0,0,0,1,0,1,0,0,84%,0,0,0,0,0,0,12
Thierno Barry,19,1267,7,3,0,0,48,16,33%,2,1,50%,0,4,28,23,0,5,0,0,2,0,0,1,1,1,0,0,2,0,6,17,63%,0,0,0,0,0,0,6
Thierry Correia,11,768,0,0,0,0,7,3,43%,18,4,22%,0,6,14,15,3,18,0,0,1,0,0,0,0,0,0,0,1,0,10,5,73%,0,0,0,0,0,0,16
Thomas Lemar,1,7,0,0,0,0,0,0,0%,0,0,0%,0,0,1,0,0,0,0,0,0,0,0,0,0,0,0,0,0,0,0,1,100%,0,0,0,0,0,0,0
Tomas Conechny,12,619,1,0,0,0,19,8,42%,29,13,45%,0,9,8,21,4,4,0,0,4,0,0,0,0,0,0,0,1,0,2,6,62%,3,0,0,2,1,0,6
Toni Martinez,15,544,3,0,0,0,26,9,35%,3,1,33%,0,4,5,10,0,3,0,0,0,0,1,0,0,0,0,0,2,0,5,8,57%,0,0,0,0,0,0,8
Umar Sadiq,8,249,0,0,0,0,5,0,0%,2,0,0%,0,1,2,10,1,1,0,0,2,0,0,0,0,0,0,0,1,0,5,1,58%,0,0,0,0,0,0,2
Unai Gomez,18,590,1,2,0,0,9,2,22%,8,2,25%,0,2,12,7,2,0,0,0,1,0,0,0,0,0,0,0,0,0,7,4,71%,5,0,0,0,0,0,7
Unai Lopez,17,964,3,0,0,0,13,7,54%,13,3,23%,0,4,10,12,18,9,1,0,5,1,0,0,0,0,0,0,1,0,8,7,85%,4,4,0,1,0,0,11
Unai Nunez,3,270,0,0,0,0,1,0,0%,0,0,0%,1,0,3,2,12,2,0,0,1,0,0,0,0,0,0,0,2,0,1,0,87%,0,2,0,0,0,0,13
Unai Simon,3,270,0,0,4,3,0,0,0%,0,0,0%,0,0,0,0,0,0,0,0,0,0,0,0,0,0,0,0,0,1,0,0,63%,0,0,0,0,0,0,1
Urko Gonzalez de Zarate,1,45,0,0,0,0,0,0,0%,1,0,0%,0,1,0,1,0,0,0,0,1,0,0,0,0,0,0,0,1,0,0,0,63%,0,0,0,0,0,0,0
Valentin Barco,7,288,0,0,0,0,7,0,0%,25,4,16%,0,7,5,7,2,9,0,0,0,0,0,0,0,0,0,0,0,0,3,6,79%,5,3,0,2,0,0,2
Valentin Rosier,17,1273,0,1,0,0,5,1,20%,18,2,11%,0,3,12,24,20,34,1,0,5,0,0,0,0,0,0,0,2,0,11,5,76%,0,2,0,0,0,0,60
Valery Fernandez,11,231,2,0,0,0,3,3,100%,4,1,25%,0,2,1,3,0,7,0,0,1,0,0,0,0,0,0,0,1,0,0,0,88%,0,0,0,0,0,0,1
Vedat Muriqi,15,1086,3,2,0,0,29,10,34%,8,0,0%,0,11,19,18,4,0,0,0,1,2,1,0,0,0,0,0,0,0,5,15,64%,0,0,0,0,0,0,20
Vicente Guaita,16,1440,0,0,39,23,0,0,0%,0,0,0%,0,0,3,0,0,0,0,0,0,0,0,0,0,0,0,0,0,1,0,0,77%,0,1,0,0,0,0,13
Victor Meseguer,14,417,0,0,0,0,6,0,0%,3,1,33%,0,2,5,8,3,6,0,0,1,0,0,0,0,0,0,0,0,1,1,1,79%,0,0,0,0,0,0,4
Viktor Tsygankov,9,582,1,2,0,0,9,3,33%,38,16,42%,0,7,11,6,5,5,0,0,1,0,0,0,0,0,0,0,0,0,5,8,82%,19,7,0,1,1,0,5
Vinicius Junior,15,1176,8,5,0,0,43,14,33%,31,6,19%,0,22,44,21,0,9,0,0,5,1,0,2,2,2,0,0,0,0,40,30,79%,0,1,0,0,0,0,0
Viti Rozada,15,910,0,1,0,0,0,0,0%,22,6,27%,0,3,17,19,17,26,0,0,3,0,0,0,0,0,0,0,3,0,2,6,86%,0,0,0,0,0,0,22
Vitor Roque,17,1099,4,0,0,0,39,18,46%,6,2,33%,0,8,28,24,6,5,0,0,3,0,0,2,0,0,0,0,0,0,9,10,74%,0,0,0,0,0,0,3
Walid Cheddira,16,587,1,1,0,0,10,3,30%,0,0,0%,0,2,22,25,1,0,0,0,2,0,0,1,0,0,0,0,0,0,4,6,74%,0,0,0,0,0,0,7
William Carvalho,4,247,0,0,0,0,3,1,33%,1,0,0%,0,0,0,4,3,2,0,0,0,0,0,0,0,0,0,0,1,0,3,1,83%,0,0,0,0,0,0,4
Williot Swedberg,18,735,2,3,0,0,18,8,44%,14,2,14%,0,7,18,10,1,7,0,0,1,0,0,0,0,0,0,0,1,0,3,10,73%,0,0,0,0,0,0,3
Willy Kambwala,4,234,0,0,0,0,2,1,50%,0,0,0%,0,0,0,1,2,4,0,0,0,1,0,0,0,0,0,0,2,0,0,0,75%,0,2,0,0,0,0,12
Yangel Herrera,13,897,2,1,0,0,15,5,33%,19,5,26%,0,6,27,33,14,18,0,0,5,0,0,0,0,0,0,0,1,0,8,8,86%,0,0,0,0,0,0,19
Yarek Gasiorowski,12,826,0,0,0,0,2,0,0%,3,1,33%,0,1,2,4,22,16,2,0,1,0,0,0,0,0,0,0,5,0,0,3,81%,0,2,0,0,0,0,41
Yaser Asprilla,11,728,1,0,0,0,19,4,21%,44,10,23%,1,8,14,7,3,7,0,0,1,0,0,0,0,0,0,0,0,0,10,12,81%,12,7,3,1,0,0,3
Yellu Santiago,13,307,0,0,0,0,1,0,0%,2,1,50%,0,0,5,11,0,7,0,0,3,0,0,0,0,0,0,0,1,0,0,0,69%,0,0,0,0,0,0,2
Yeray Alvarez,11,902,0,0,0,0,3,1,33%,2,1,50%,0,2,12,8,19,8,0,0,2,0,0,0,0,0,0,0,3,0,3,2,82%,0,6,0,0,0,0,40
Yeremi Pino,17,889,1,3,0,0,16,4,25%,30,4,13%,3,13,16,19,5,16,0,0,5,0,0,1,0,0,0,0,2,0,14,19,78%,0,0,0,0,0,0,6
Yoel Lago,1,90,0,0,0,0,0,0,0%,0,0,0%,0,0,1,1,2,1,0,0,0,0,0,0,0,0,0,0,1,0,0,0,95%,0,0,0,0,0,0,2
Youssouf Sabaly,14,1017,0,0,0,0,3,0,0%,22,6,27%,0,2,6,12,10,19,0,0,1,0,0,0,0,0,0,0,2,0,8,6,85%,0,2,0,0,0,0,26
Yuri Berchiche,17,1139,0,0,0,0,9,3,33%,19,3,16%,0,3,12,10,14,10,0,0,3,0,0,0,0,0,0,0,2,0,5,6,84%,0,6,0,1,0,0,34
Yvan Neyou,16,1291,1,1,0,0,12,2,17%,8,2,25%,1,4,34,17,16,21,0,0,8,0,0,0,0,0,0,0,1,1,10,4,87%,0,0,0,0,0,0,22
